checksum,timestamp,gps_lon,gps_lat,therm_reading,therm_voltage,therm_resistance,therm_temp,motor_speed,gps_speed,bms_faults,bms_current,bms_open_voltage,bms_summed_voltage,bms_supply_12v,bms_high_cell_volt,bms_low_cell_volt,bms_high_cell_id,bms_low_cell_id,bms_high_temp,bms_low_temp,bms_high_therm_id,bms_low_therm_id,bms_soc,bms_fan_speed,sent
83,7,100,30,18,0.0580078125,558888.8888888889,-44.45259195684929,3.436116964863836,16.1556512,Internal Communication Fault; Internal Conversion Fault,3.6,1.1,1.1,4.6000000000000005,0.0017000000000000001,0.0017000000000000001,27,22,-5,-18,87,8,29.5,16,SFfNWQcAAAAAAAAAAABZQAAAAAAAAD5AEgAsAAAA0EEDAAAAJAALAAAALgARAAQAGxYjFlcIOxA=
52,60,78,33,83,0.26748046875,113373.49397590362,-21.179968300786356,5.310362582062292,34.7967872,Internal Communication Fault; Internal Conversion Fault; Weak Cell Fault; Low Cell Voltage Fault; Open Wiring Fault; Current Sensor Fault; Pack Voltage Sensor Fault,6.800000000000001,1.1,1.1,6.6000000000000005,0.0008,0.0008,100,68,35,-8,60,18,37.0,43,SFdEHzwAAAAAAAAAAIBTQAAAAAAAgEBAUwBEAAAAYEJdAAAARAALAAAAQgAIAB0AZERLIDwSSis=
82,13,23,96,15,0.04833984375,672666.6666666666,-46.88012135047842,0.468561404299614,37.282272,Internal Communication Fault; Internal Conversion Fault; Weak Cell Fault; Low Cell Voltage Fault; Open Wiring Fault; Current Sensor Fault,4.800000000000001,7.9,7.9,0.7000000000000001,0.0026000000000000003,0.0026000000000000003,34,80,57,-39,5,17,24.0,83,SFcPUQ0AAAAAAAAAAAA3QAAAAAAAAFhADwAGAAAAcEIvAAAAMABPAAAABwAaAC8AIlBhAQURMFM=
84,30,70,78,10,0.0322265625,1014000.0,-52.07745461328449,5.076081879912485,24.233476800000002,Internal Communication Fault; Internal Conversion Fault; Weak Cell Fault,2.6,2.9000000000000004,2.9000000000000004,7.9,0.0012000000000000001,0.0012000000000000001,89,52,7,12,52,69,6.0,44,SFd2Kx4AAAAAAAAAAIBRQAAAAAAAgFNACgBBAAAAHEIHAAAAGgAdAAAATwAMADAAWTQvNDRFDCw=
60,38,7,6,20,0.064453125,502000.0,-43.02225795749888,0.390467836916345,54.0592944,Internal Communication Fault; Internal Conversion Fault; Weak Cell Fault; Low Cell Voltage Fault; Open Wiring Fault; Current Sensor Fault; Pack Voltage Sensor Fault,0.2,9.8,9.8,2.5,0.00030000000000000003,0.00030000000000000003,38,37,0,-21,25,52,22.0,14,SFeUTiYAAAAAAAAAAAAcQAAAAAAAABhAFAAFAAAArkJFAAAAAgBiAAAAGQADAA0AJiUoExk0LA4=
88,87,89,95,64,0.20625,150000.0,-25.600661958414605,5.622736851595368,24.854848,Internal Communication Fault; Internal Conversion Fault; Weak Cell Fault; Low Cell Voltage Fault,4.2,3.3000000000000003,3.3000000000000003,8.200000000000001,0.007500000000000001,0.007500000000000001,33,70,6,-17,76,22,39.0,5,SFdagFcAAAAAAAAAAEBWQAAAAAAAwFdAQABIAAAAIEIPAAAAKgAhAAAAUgBLADQAIUYuF0wWTgU=
70,21,27,34,46,0.14824218749999998,212608.69565217392,-30.896488268980022,1.249497078132304,15.53428,Internal Communication Fault; Internal Conversion Fault; Weak Cell Fault,6.2,9.600000000000001,9.600000000000001,6.800000000000001,0.0098,0.0098,64,58,40,-28,45,53,31.5,46,SFevbBUAAAAAAAAAAAA7QAAAAAAAAEFALgAQAAAAyEEFAAAAPgBgAAAARABiAEkAQDpQDC01Py4=
18,55,6,39,71,0.22880859374999998,134225.35211267605,-23.864722090497168,4.607520475612871,0.6213712,Internal Communication Fault; Internal Conversion Fault; Weak Cell Fault; Low Cell Voltage Fault; Open Wiring Fault; Current Sensor Fault; Pack Voltage Sensor Fault,7.0,0.8,0.8,5.2,0.0041,0.0041,80,87,-25,48,10,46,37.5,99,SFe9/TcAAAAAAAAAAAAYQAAAAAAAgENARwA7AAAAgD9iAAAARgAIAAAANAApAAIAUFcPWAouS2M=
86,51,66,70,46,0.14824218749999998,212608.69565217392,-30.896488268980022,6.325578958044789,12.427424,Internal Communication Fault; Internal Conversion Fault; Weak Cell Fault; Low Cell Voltage Fault; Open Wiring Fault; Current Sensor Fault; Pack Voltage Sensor Fault,6.2,1.4000000000000001,1.4000000000000001,5.4,0.0007,0.0007,28,79,44,32,67,84,20.5,78,SFe1XDMAAAAAAAAAAIBQQAAAAAAAgFFALgBRAAAAoEFaAAAAPgAOAAAANgAHACEAHE9USENUKU4=
79,59,80,7,43,0.13857421875,228139.53488372092,-31.939486111199074,0.624748539066152,7.4564544,Internal Communication Fault; Internal Conversion Fault; Weak Cell Fault; Low Cell Voltage Fault,0.4,3.3000000000000003,3.3000000000000003,7.0,0.0083,0.0083,62,58,50,51,16,8,48.5,92,SFcHdDsAAAAAAAAAAABUQAAAAAAAABxAKwAIAAAAQEEPAAAABAAhAAAARgBTAD0APjpaWxAIYVw=
1,50,99,39,26,0.0837890625,383846.1538461539,-39.36715569557899,2.655181291031146,22.369363200000002,Internal Communication Fault; Internal Conversion Fault; Weak Cell Fault; Low Cell Voltage Fault; Open Wiring Fault; Current Sensor Fault; Pack Voltage Sensor Fault,6.1000000000000005,0.9,0.9,8.6,0.0017000000000000001,0.0017000000000000001,74,12,-30,-25,58,1,11.0,31,SFdMHzIAAAAAAAAAAMBYQAAAAAAAgENAGgAiAAAAEEJVAAAAPQAJAAAAVgARAAcASgwKDzoBFh8=
27,31,72,88,13,0.04189453125,777692.3076923077,-48.745094832936076,5.935111121128444,39.7677568,Internal Communication Fault; Internal Conversion Fault; Weak Cell Fault; Low Cell Voltage Fault,6.4,0.7000000000000001,0.7000000000000001,8.4,0.0066,0.0066,79,61,27,31,98,23,8.0,46,SFflAR8AAAAAAAAAAABSQAAAAAAAAFZADQBMAAAAgEIIAAAAQAAHAAAAVABCABgATz1DR2IXEC4=
72,88,57,6,62,0.1998046875,155161.29032258064,-26.124391305693308,4.919894745145947,3.7282272,Internal Communication Fault; Internal Conversion Fault; Weak Cell Fault; Low Cell Voltage Fault; Open Wiring Fault; Current Sensor Fault; Pack Voltage Sensor Fault,9.200000000000001,6.2,6.2,9.1,0.009600000000000001,0.009600000000000001,55,54,-4,2,69,57,2.5,6,SFfK41gAAAAAAAAAAIBMQAAAAAAAABhAPgA/AAAAwEBEAAAAXAA+AAAAWwBgAEkANzYkKkU5BQY=
35,22,92,53,23,0.07412109374999999,435217.39130434784,-41.092256481067125,0.78093567383269,20.5052496,Internal Communication Fault; Internal Conversion Fault; Weak Cell Fault; Low Cell Voltage Fault; Open Wiring Fault; Current Sensor Fault,1.8,8.200000000000001,8.200000000000001,3.0,0.0051,0.0051,56,12,36,15,1,34,12.0,30,SFcOxRYAAAAAAAAAAABXQAAAAAAAgEpAFwAKAAAABEIvAAAAEgBSAAAAHgAzADMAOAxMNwEiGB4=
37,36,99,72,77,0.24814453125,122987.01298701297,-22.481422295686343,1.249497078132304,20.5052496,Internal Communication Fault; Internal Conversion Fault; Weak Cell Fault; Low Cell Voltage Fault; Open Wiring Fault; Current Sensor Fault,8.6,9.9,9.9,0.8,0.0031000000000000003,0.0031000000000000003,99,76,38,-9,47,23,28.0,34,SFco5CQAAAAAAAAAAMBYQAAAAAAAAFJATQAQAAAABEImAAAAVgBjAAAACAAfAGEAY0xOHy8XOCI=
54,81,72,40,25,0.08056640625,399600.0,-39.922371126657765,1.093309943365766,44.1173552,Internal Communication Fault; Internal Conversion Fault; Weak Cell Fault; Low Cell Voltage Fault; Open Wiring Fault,5.4,5.300000000000001,5.300000000000001,0.5,0.009000000000000001,0.009000000000000001,82,63,-6,-5,26,89,7.5,72,SFfPT1EAAAAAAAAAAABSQAAAAAAAAERAGQAOAAAAjkIQAAAANgA1AAAABQBaADgAUj8iIxpZD0g=
64,100,82,66,27,0.08701171875,369259.25925925927,-38.82985604580361,6.794140362344403,44.1173552,Internal Communication Fault; Internal Conversion Fault; Weak Cell Fault; Low Cell Voltage Fault; Open Wiring Fault; Current Sensor Fault; Pack Voltage Sensor Fault,1.6,2.9000000000000004,2.9000000000000004,4.5,0.007,0.007,11,49,42,2,85,74,38.0,58,SFfwKWQAAAAAAAAAAIBUQAAAAAAAgFBAGwBXAAAAjkJSAAAAEAAdAAAALQBGACYACzFSKlVKTDo=
52,55,29,35,41,0.13212890624999998,239756.0975609756,-32.66882291156108,1.249497078132304,33.5540448,Internal Communication Fault; Internal Conversion Fault; Weak Cell Fault; Low Cell Voltage Fault; Open Wiring Fault; Current Sensor Fault,6.300000000000001,9.0,9.0,9.9,0.0033,0.0033,57,15,7,48,73,40,12.0,66,SFc//zcAAAAAAAAAAAA9QAAAAAAAgEFAKQAQAAAAWEInAAAAPwBaAAAAYwAhAFIAOQ8vWEkoGEI=
55,29,100,94,81,0.26103515625,116419.75308641975,-21.605421480245298,3.358023397480567,27.3403328,Internal Communication Fault; Internal Conversion Fault; Weak Cell Fault; Low Cell Voltage Fault; Open Wiring Fault; Current Sensor Fault; Pack Voltage Sensor Fault,6.5,0.8,0.8,4.5,0.0048000000000000004,0.0048000000000000004,80,78,-33,32,7,52,2.5,47,SFcD3x0AAAAAAAAAAABZQAAAAAAAgFdAUQArAAAAMEJcAAAAQQAIAAAALQAwAAcAUE4HSAc0BS8=
87,21,38,5,13,0.04189453125,777692.3076923077,-48.745094832936076,0.234280702149807,46.60284,Internal Communication Fault; Internal Conversion Fault; Weak Cell Fault; Low Cell Voltage Fault; Open Wiring Fault,3.0,0.1,0.1,0.6000000000000001,0.0088,0.0088,58,43,28,-16,31,57,14.0,50,SFf0ehUAAAAAAAAAAABDQAAAAAAAABRADQADAAAAlkIVAAAAHgABAAAABgBYAAcAOitEGB85HDI=
68,88,9,64,29,0.09345703124999999,343103.4482758621,-37.804177407184966,6.950327497110941,54.6806656,Internal Communication Fault; Internal Conversion Fault; Weak Cell Fault; Low Cell Voltage Fault; Open Wiring Fault; Current Sensor Fault; Pack Voltage Sensor Fault,6.4,3.4000000000000004,3.4000000000000004,2.8000000000000003,0.0098,0.0098,36,7,-8,-34,29,14,29.5,51,SFf+flgAAAAAAAAAAAAiQAAAAAAAAFBAHQBZAAAAsEJeAAAAQAAiAAAAHABiAEAAJAcgBh0OOzM=
87,26,77,49,84,0.270703125,111904.76190476191,-20.970208854526618,1.952339184581725,11.184681600000001,Internal Communication Fault; Internal Conversion Fault; Weak Cell Fault; Low Cell Voltage Fault; Open Wiring Fault,7.4,9.8,9.8,0.6000000000000001,0.0085,0.0085,97,52,57,52,2,31,11.5,61,SFeoyxoAAAAAAAAAAEBTQAAAAAAAgEhAVAAZAAAAkEEYAAAASgBiAAAABgBVAAIAYTRhXAIfFz0=
8,57,18,5,80,0.2578125,118000.0,-21.82120954884232,3.90467836916345,58.408892800000004,Internal Communication Fault; Internal Conversion Fault; Weak Cell Fault; Low Cell Voltage Fault; Open Wiring Fault; Current Sensor Fault; Pack Voltage Sensor Fault,4.800000000000001,7.0,7.0,1.1,0.0078000000000000005,0.0078000000000000005,17,48,44,-39,73,80,22.0,49,SFfbEjkAAAAAAAAAAAAyQAAAAAAAABRAUAAyAAAAvEJAAAAAMABGAAAACwBOAEkAETBUAUlQLDE=
15,100,52,81,55,0.17724609375,176181.81818181818,-28.07167446824093,2.655181291031146,3.7282272,Internal Communication Fault; Internal Conversion Fault; Weak Cell Fault; Low Cell Voltage Fault,3.1,8.4,8.4,4.3,0.008400000000000001,0.008400000000000001,100,99,-9,31,38,90,4.5,12,SFfJcmQAAAAAAAAAAABKQAAAAAAAQFRANwAiAAAAwEAIAAAAHwBUAAAAKwBUAA4AZGMfRyZaCQw=
40,19,73,74,7,0.022558593749999998,1452857.142857143,-56.43932655684574,6.325578958044789,10.5633104,Internal Communication Fault; Internal Conversion Fault; Weak Cell Fault; Low Cell Voltage Fault; Open Wiring Fault; Current Sensor Fault,3.3000000000000003,6.6000000000000005,6.6000000000000005,1.6,0.0076,0.0076,15,37,-14,-34,33,89,49.5,57,SFe5whMAAAAAAAAAAEBSQAAAAAAAgFJABwBRAAAAiEEwAAAAIQBCAAAAEABMACwADyUaBiFZYzk=
45,34,26,61,45,0.14501953125,217555.55555555556,-31.237740344299652,1.093309943365766,24.854848,Internal Communication Fault; Internal Conversion Fault; Weak Cell Fault; Low Cell Voltage Fault; Open Wiring Fault; Current Sensor Fault; Pack Voltage Sensor Fault,0.2,7.9,7.9,7.7,0.0028,0.0028,16,1,-15,-23,83,24,30.0,30,SFc/1CIAAAAAAAAAAAA6QAAAAAAAgE5ALQAOAAAAIEJJAAAAAgBPAAAATQAcAFkAEAEZEVMYPB4=
60,26,44,94,91,0.29326171875,102527.47252747252,-19.55326985892927,5.622736851595368,6.213712,Internal Communication Fault; Internal Conversion Fault; Weak Cell Fault; Low Cell Voltage Fault; Open Wiring Fault; Current Sensor Fault; Pack Voltage Sensor Fault,4.7,6.1000000000000005,6.1000000000000005,9.200000000000001,0.0077,0.0077,80,94,-1,18,34,35,41.0,46,SFdJqBoAAAAAAAAAAABGQAAAAAAAgFdAWwBIAAAAIEFjAAAALwA9AAAAXABNABYAUF4nOiIjUi4=
79,75,31,31,59,0.19013671875,163559.3220338983,-26.936016443390344,6.24748539066152,15.53428,Internal Communication Fault; Internal Conversion Fault; Weak Cell Fault; Low Cell Voltage Fault; Open Wiring Fault; Current Sensor Fault,7.2,9.600000000000001,9.600000000000001,3.0,0.0002,0.0002,64,82,-20,4,27,55,2.5,23,SFeOH0sAAAAAAAAAAAA/QAAAAAAAAD9AOwBQAAAAyEE8AAAASABgAAAAHgACACQAQFIULBs3BRc=
44,53,66,54,75,0.24169921875,126533.33333333334,-22.932811513043674,0.390467836916345,7.4564544,Internal Communication Fault; Internal Conversion Fault; Weak Cell Fault; Low Cell Voltage Fault; Open Wiring Fault; Current Sensor Fault,7.5,9.8,9.8,5.4,0.0005,0.0005,85,29,17,-24,20,28,21.5,57,SFd66TUAAAAAAAAAAIBQQAAAAAAAAEtASwAFAAAAQEExAAAASwBiAAAANgAFACIAVR05EBQcKzk=
34,53,9,51,21,0.06767578125,477619.04761904763,-42.35281199062982,5.700830418978637,3.7282272,Internal Communication Fault; Internal Conversion Fault; Weak Cell Fault; Low Cell Voltage Fault,3.4000000000000004,1.1,1.1,3.9000000000000004,0.0066,0.0066,58,81,-34,33,61,71,28.0,100,SFem+zUAAAAAAAAAAAAiQAAAAAAAgElAFQBJAAAAwEAKAAAAIgALAAAAJwBCABsAOlEGST1HOGQ=
56,54,11,47,74,0.2384765625,128378.37837837837,-23.1620533488788,7.8093567383269,31.6899312,Internal Communication Fault; Internal Conversion Fault; Weak Cell Fault; Low Cell Voltage Fault; Open Wiring Fault; Current Sensor Fault,7.7,4.5,4.5,4.2,0.0001,0.0001,72,59,-27,44,29,5,8.0,46,SFchhjYAAAAAAAAAAAAmQAAAAAAAgEdASgBkAAAATEIpAAAATQAtAAAAKgABAD4ASDsNVB0FEC4=
30,39,26,78,51,0.16435546874999998,190784.3137254902,-29.27652411617811,6.794140362344403,39.1463856,Internal Communication Fault; Internal Conversion Fault; Weak Cell Fault; Low Cell Voltage Fault; Open Wiring Fault; Current Sensor Fault; Pack Voltage Sensor Fault,0.6000000000000001,1.6,1.6,8.700000000000001,0.0045000000000000005,0.0045000000000000005,95,87,-14,46,58,46,46.5,84,SFd6uScAAAAAAAAAAAA6QAAAAAAAgFNAMwBXAAAAfEJUAAAABgAQAAAAVwAtADYAX1caVjouXVQ=
64,50,14,78,80,0.2578125,118000.0,-21.82120954884232,4.607520475612871,39.1463856,Internal Communication Fault; Internal Conversion Fault; Weak Cell Fault; Low Cell Voltage Fault,2.2,5.1000000000000005,5.1000000000000005,8.200000000000001,0.0001,0.0001,7,73,45,21,97,81,13.0,62,SFcq2TIAAAAAAAAAAAAsQAAAAAAAgFNAUAA7AAAAfEINAAAAFgAzAAAAUgABACIAB0lVPWFRGj4=
63,10,95,56,8,0.02578125,1270000.0,-54.828118197614515,7.418888901410555,59.6516352,Internal Communication Fault; Internal Conversion Fault; Weak Cell Fault; Low Cell Voltage Fault; Open Wiring Fault; Current Sensor Fault,0.6000000000000001,2.8000000000000003,2.8000000000000003,8.4,0.002,0.002,24,57,-9,39,39,98,33.0,100,SFe18goAAAAAAAAAAMBXQAAAAAAAAExACABfAAAAwEIlAAAABgAcAAAAVAAUAC4AGDkfTydiQmQ=
56,45,72,24,79,0.25458984375,119620.25316455697,-22.03910434241513,0.078093567383269,3.106856,Internal Communication Fault; Internal Conversion Fault; Weak Cell Fault; Low Cell Voltage Fault; Open Wiring Fault; Current Sensor Fault; Pack Voltage Sensor Fault,4.1000000000000005,2.5,2.5,7.9,0.0092,0.0092,67,4,-29,57,68,81,28.0,9,SFf6fS0AAAAAAAAAAABSQAAAAAAAADhATwABAAAAoEBIAAAAKQAZAAAATwBcAAwAQwQLYURROAk=
34,74,64,86,95,0.30615234375,97789.47368421052,-18.780589809243338,1.249497078132304,62.13712,Internal Communication Fault; Internal Conversion Fault; Weak Cell Fault; Low Cell Voltage Fault; Open Wiring Fault; Current Sensor Fault,3.0,4.800000000000001,4.800000000000001,2.1,0.001,0.001,28,54,22,-29,69,61,35.0,87,SFftlUoAAAAAAAAAAABQQAAAAAAAgFVAXwAQAAAAyEI3AAAAHgAwAAAAFQAKAAIAHDY+C0U9Rlc=
6,65,36,97,83,0.26748046875,113373.49397590362,-21.179968300786356,3.436116964863836,17.3983936,Internal Communication Fault; Internal Conversion Fault,4.800000000000001,7.0,7.0,6.1000000000000005,0.0033,0.0033,2,75,-37,34,57,12,39.5,58,SFfANkEAAAAAAAAAAABCQAAAAAAAQFhAUwAsAAAA4EEDAAAAMABGAAAAPQAhABoAAksDSjkMTzo=
26,14,99,6,17,0.054785156249999994,592352.9411764706,-45.22000637025121,3.436116964863836,48.466953600000004,Internal Communication Fault; Internal Conversion Fault; Weak Cell Fault; Low Cell Voltage Fault; Open Wiring Fault,4.9,0.5,0.5,3.1,0.005200000000000001,0.005200000000000001,58,56,25,44,96,22,30.5,70,SFfavg4AAAAAAAAAAMBYQAAAAAAAABhAEQAsAAAAnEIRAAAAMQAFAAAAHwA0AB0AOjhBVGAWPUY=
64,42,22,41,47,0.15146484375,207872.3404255319,-30.56129925793647,6.559859660194596,19.8838784,Internal Communication Fault; Internal Conversion Fault; Weak Cell Fault; Low Cell Voltage Fault; Open Wiring Fault; Current Sensor Fault,5.800000000000001,0.5,0.5,5.2,0.0043,0.0043,58,74,55,18,17,91,34.5,16,SFdQ+SoAAAAAAAAAAAA2QAAAAAAAgERALwBUAAAAAEIkAAAAOgAFAAAANAArAEYAOkpfOhFbRRA=
69,29,8,56,59,0.19013671875,163559.3220338983,-26.936016443390344,3.592304099630374,17.3983936,Internal Communication Fault; Internal Conversion Fault; Weak Cell Fault,8.5,5.300000000000001,5.300000000000001,1.4000000000000001,0.0048000000000000004,0.0048000000000000004,35,89,3,7,82,98,44.5,47,SFfceh0AAAAAAAAAAAAgQAAAAAAAAExAOwAuAAAA4EEGAAAAVQA1AAAADgAwAAMAI1krL1JiWS8=
58,43,42,70,47,0.15146484375,207872.3404255319,-30.56129925793647,1.405684212898842,47.8455824,Internal Communication Fault; Internal Conversion Fault; Weak Cell Fault; Low Cell Voltage Fault; Open Wiring Fault; Current Sensor Fault; Pack Voltage Sensor Fault,8.3,8.5,8.5,5.5,0.0058000000000000005,0.0058000000000000005,6,87,11,6,63,21,44.5,43,SFeVhSsAAAAAAAAAAABFQAAAAAAAgFFALwASAAAAmkJfAAAAUwBVAAAANwA6AAoABlczLj8VWSs=
60,92,58,51,56,0.18046874999999998,172857.14285714287,-27.781643196523817,5.310362582062292,22.369363200000002,Internal Communication Fault; Internal Conversion Fault; Weak Cell Fault; Low Cell Voltage Fault; Open Wiring Fault; Current Sensor Fault; Pack Voltage Sensor Fault,5.2,6.800000000000001,6.800000000000001,3.7,0.0039000000000000003,0.0039000000000000003,15,14,60,-1,22,16,16.0,25,SFdA4lwAAAAAAAAAAABNQAAAAAAAgElAOABEAAAAEEJhAAAANABEAAAAJQAnADoADw5kJxYQIBk=
98,19,49,10,69,0.22236328125,138405.79710144928,-24.34630098277657,4.060865503929988,53.4379232,Internal Communication Fault; Internal Conversion Fault; Weak Cell Fault; Low Cell Voltage Fault; Open Wiring Fault; Current Sensor Fault,9.3,0.7000000000000001,0.7000000000000001,5.7,0.0022,0.0022,31,59,-4,-12,64,32,4.5,15,SFelyhMAAAAAAAAAAIBIQAAAAAAAACRARQA0AAAArEIhAAAAXQAHAAAAOQAWACEAHzskHEAgCQ8=
35,97,60,33,50,0.1611328125,194800.0,-29.589751697708664,3.748491234396912,1.2427424,Internal Communication Fault; Internal Conversion Fault; Weak Cell Fault; Low Cell Voltage Fault; Open Wiring Fault; Current Sensor Fault; Pack Voltage Sensor Fault,7.9,6.9,6.9,2.3000000000000003,0.0026000000000000003,0.0026000000000000003,97,11,59,0,54,87,20.5,29,SFcrqWEAAAAAAAAAAABOQAAAAAAAgEBAMgAwAAAAAEBLAAAATwBFAAAAFwAaABcAYQtjKDZXKR0=
3,100,1,12,9,0.02900390625,1127777.7777777778,-53.385483568383876,1.483777780282111,50.3310672,Internal Communication Fault; Internal Conversion Fault; Weak Cell Fault; Low Cell Voltage Fault; Open Wiring Fault; Current Sensor Fault,0.6000000000000001,5.5,5.5,1.4000000000000001,0.0094,0.0094,49,82,6,54,48,54,42.0,17,SFd9FmQAAAAAAAAAAADwPwAAAAAAAChACQATAAAAokI6AAAABgA3AAAADgBeAFkAMVIuXjA2VBE=
48,24,78,14,98,0.3158203125,94489.79591836735,-18.217074892429935,0.624748539066152,62.13712,Internal Communication Fault; Internal Conversion Fault; Weak Cell Fault; Low Cell Voltage Fault; Open Wiring Fault,6.7,3.9000000000000004,3.9000000000000004,2.6,0.0063,0.0063,26,44,-35,58,66,57,6.5,80,SFeI5RgAAAAAAAAAAIBTQAAAAAAAACxAYgAIAAAAyEIdAAAAQwAnAAAAGgA/AEEAGiwFYkI5DVA=
91,37,5,14,23,0.07412109374999999,435217.39130434784,-41.092256481067125,5.310362582062292,60.2730064,Internal Communication Fault; Internal Conversion Fault; Weak Cell Fault,9.600000000000001,9.3,9.3,4.0,0.0015,0.0015,64,91,49,-39,42,71,41.5,29,SFf6QiUAAAAAAAAAAAAUQAAAAAAAACxAFwBEAAAAwkIGAAAAYABdAAAAKAAPAAoAQFtZASpHUx0=
77,61,11,29,2,0.0064453125,5110000.0,-70.42719674383767,4.138959071313257,16.1556512,Internal Communication Fault; Internal Conversion Fault; Weak Cell Fault; Low Cell Voltage Fault; Open Wiring Fault; Current Sensor Fault,7.2,8.9,8.9,1.7000000000000002,0.0049,0.0049,33,96,56,33,25,88,16.0,77,SFfkfT0AAAAAAAAAAAAmQAAAAAAAAD1AAgA1AAAA0EEnAAAASABZAAAAEQAxAEsAIWBgSRlYIE0=
18,90,10,91,18,0.0580078125,558888.8888888889,-44.45259195684929,6.637953227577865,29.8258176,Internal Communication Fault; Internal Conversion Fault; Weak Cell Fault; Low Cell Voltage Fault; Open Wiring Fault; Current Sensor Fault; Pack Voltage Sensor Fault,7.800000000000001,1.1,1.1,0.2,0.0098,0.0098,83,22,6,-37,69,40,39.0,81,SFc27loAAAAAAAAAAAAkQAAAAAAAwFZAEgBVAAAAQEJMAAAATgALAAAAAgBiAAYAUxYuA0UoTlE=
65,29,30,49,47,0.15146484375,207872.3404255319,-30.56129925793647,7.106514631877479,56.5447792,Internal Communication Fault; Internal Conversion Fault; Weak Cell Fault; Low Cell Voltage Fault; Open Wiring Fault; Current Sensor Fault,0.9,9.200000000000001,9.200000000000001,3.3000000000000003,0.0027,0.0027,94,31,15,-30,67,82,34.0,55,SFfFsh0AAAAAAAAAAAA+QAAAAAAAgEhALwBbAAAAtkIxAAAACQBcAAAAIQAbAFwAXh83CkNSRDc=
35,90,50,34,34,0.10957031249999999,291176.4705882353,-35.480380137118686,2.967555560564222,29.204446400000002,Internal Communication Fault; Internal Conversion Fault; Weak Cell Fault; Low Cell Voltage Fault; Open Wiring Fault; Current Sensor Fault; Pack Voltage Sensor Fault,6.800000000000001,8.9,8.9,4.2,0.0056,0.0056,19,23,17,54,54,15,49.0,63,SFd3O1oAAAAAAAAAAABJQAAAAAAAAEFAIgAmAAAAPEJEAAAARABZAAAAKgA4ACgAExc5XjYPYj8=
29,99,2,7,99,0.31904296875,93434.34343434343,-18.03212230752962,2.655181291031146,14.9129088,Internal Communication Fault; Internal Conversion Fault; Weak Cell Fault; Low Cell Voltage Fault,6.0,5.800000000000001,5.800000000000001,0.8,0.0053,0.0053,97,14,55,47,56,90,30.5,70,SFenBGMAAAAAAAAAAAAAQAAAAAAAABxAYwAiAAAAwEEPAAAAPAA6AAAACAA1AFYAYQ5fVzhaPUY=
29,64,20,79,50,0.1611328125,194800.0,-29.589751697708664,1.249497078132304,11.8060528,Internal Communication Fault; Internal Conversion Fault; Weak Cell Fault; Low Cell Voltage Fault; Open Wiring Fault; Current Sensor Fault; Pack Voltage Sensor Fault,5.7,2.6,2.6,4.1000000000000005,0.0074,0.0074,35,74,-36,-34,70,11,40.5,95,SFfumUAAAAAAAAAAAAA0QAAAAAAAwFNAMgAQAAAAmEFMAAAAOQAaAAAAKQBKAE8AI0oEBkYLUV8=
55,69,61,3,78,0.2513671875,121282.05128205128,-22.259157428800165,3.670397667013643,29.8258176,Internal Communication Fault; Internal Conversion Fault; Weak Cell Fault,6.1000000000000005,5.5,5.5,6.300000000000001,0.006900000000000001,0.006900000000000001,89,40,19,54,15,79,10.0,82,SFd1qUUAAAAAAAAAAIBOQAAAAAAAAAhATgAvAAAAQEIHAAAAPQA3AAAAPwBFAFkAWSg7Xg9PFFI=
83,95,15,96,89,0.28681640625,105056.17977528089,-19.949336510488052,6.559859660194596,46.60284,Internal Communication Fault; Internal Conversion Fault; Weak Cell Fault; Low Cell Voltage Fault; Open Wiring Fault,4.800000000000001,1.7000000000000002,1.7000000000000002,6.4,0.0038,0.0038,14,68,-33,-5,13,72,22.0,1,SFfzbF8AAAAAAAAAAAAuQAAAAAAAAFhAWQBUAAAAlkIeAAAAMAARAAAAQAAmADAADkQHIw1ILAE=
12,50,86,54,48,0.15468749999999998,203333.33333333334,-30.231930279653483,6.403672525428059,55.923408,Internal Communication Fault; Internal Conversion Fault; Weak Cell Fault; Low Cell Voltage Fault; Open Wiring Fault; Current Sensor Fault,6.5,6.1000000000000005,6.1000000000000005,8.3,0.0085,0.0085,88,92,-3,-9,91,23,32.0,80,SFfixjIAAAAAAAAAAIBVQAAAAAAAAEtAMABSAAAAtEI+AAAAQQA9AAAAUwBVADoAWFwlH1sXQFA=
25,96,94,87,97,0.31259765624999997,95567.01030927835,-18.403451116434326,5.778923986361907,52.816552,Internal Communication Fault; Internal Conversion Fault; Weak Cell Fault; Low Cell Voltage Fault; Open Wiring Fault; Current Sensor Fault,0.9,8.1,8.1,4.7,0.0028,0.0028,16,61,-33,51,95,98,28.5,72,SFeLTmAAAAAAAAAAAIBXQAAAAAAAwFVAYQBKAAAAqkIrAAAACQBRAAAALwAcAFkAED0HW19iOUg=
61,13,39,78,26,0.0837890625,383846.1538461539,-39.36715569557899,0.78093567383269,60.8943776,Internal Communication Fault; Internal Conversion Fault; Weak Cell Fault; Low Cell Voltage Fault,9.5,4.2,4.2,1.8,0.0013000000000000002,0.0013000000000000002,71,5,1,7,12,56,43.0,5,SFfLVQ0AAAAAAAAAAIBDQAAAAAAAgFNAGgAKAAAAxEIOAAAAXwAqAAAAEgANAFIARwUpLww4VgU=
67,65,34,67,64,0.20625,150000.0,-25.600661958414605,2.498994156264608,58.408892800000004,Internal Communication Fault; Internal Conversion Fault; Weak Cell Fault; Low Cell Voltage Fault; Open Wiring Fault; Current Sensor Fault; Pack Voltage Sensor Fault,8.9,9.3,9.3,0.1,0.0007,0.0007,68,49,8,28,96,50,4.5,77,SFfciEEAAAAAAAAAAABBQAAAAAAAwFBAQAAgAAAAvEJeAAAAWQBdAAAAAQAHABEARDEwRGAyCU0=
93,48,95,32,31,0.09990234375,320322.5806451613,-36.83684479832701,0.937122808599228,62.13712,Internal Communication Fault; Internal Conversion Fault; Weak Cell Fault; Low Cell Voltage Fault; Open Wiring Fault; Current Sensor Fault,8.3,4.9,4.9,4.2,0.0055000000000000005,0.0055000000000000005,18,80,-4,-33,38,13,19.0,23,SFeYzzAAAAAAAAAAAMBXQAAAAAAAAEBAHwAMAAAAyEI7AAAAUwAxAAAAKgA3ABYAElAkByYNJhc=
59,15,40,49,34,0.10957031249999999,291176.4705882353,-35.480380137118686,1.639964915048649,27.961704,Internal Communication Fault; Internal Conversion Fault; Weak Cell Fault; Low Cell Voltage Fault; Open Wiring Fault,4.6000000000000005,9.5,9.5,9.1,0.007200000000000001,0.007200000000000001,78,87,50,22,36,81,16.0,88,SFcJog8AAAAAAAAAAABEQAAAAAAAgEhAIgAVAAAANEIYAAAALgBfAAAAWwBIAGMATldaPiRRIFg=
14,41,83,77,100,0.322265625,92400.0,-17.84856557528036,4.68561404299614,45.9814688,Internal Communication Fault; Internal Conversion Fault; Weak Cell Fault; Low Cell Voltage Fault,8.1,4.4,4.4,1.4000000000000001,0.0089,0.0089,77,92,38,-8,39,4,19.5,92,SFfT5ikAAAAAAAAAAMBUQAAAAAAAQFNAZAA8AAAAlEILAAAAUQAsAAAADgBZABMATVxOICcEJ1w=
53,29,25,56,53,0.17080078124999998,183207.54716981133,-28.66483442135379,1.171403510749035,21.747992,Internal Communication Fault; Internal Conversion Fault; Weak Cell Fault; Low Cell Voltage Fault; Open Wiring Fault; Current Sensor Fault,8.4,3.8000000000000003,3.8000000000000003,4.7,0.0095,0.0095,70,56,45,-20,61,22,7.0,1,SFcTeR0AAAAAAAAAAAA5QAAAAAAAAExANQAPAAAADEIvAAAAVAAmAAAALwBfAEAARjhVFD0WDgE=
18,10,48,59,4,0.012890625,2550000.0,-62.92764206686425,3.279929830097298,41.631870400000004,Internal Communication Fault; Internal Conversion Fault; Weak Cell Fault; Low Cell Voltage Fault; Open Wiring Fault; Current Sensor Fault; Pack Voltage Sensor Fault,4.4,8.700000000000001,8.700000000000001,7.300000000000001,0.0014,0.0014,89,48,4,-38,13,17,35.0,42,SFfsywoAAAAAAAAAAABIQAAAAAAAgE1ABAAqAAAAhkJaAAAALABXAAAASQAOABMAWTAsAg0RRio=
10,8,47,54,60,0.193359375,160666.66666666666,-26.66185773774771,5.388456149445561,56.5447792,Internal Communication Fault; Internal Conversion Fault; Weak Cell Fault; Low Cell Voltage Fault; Open Wiring Fault; Current Sensor Fault,9.8,7.0,7.0,5.9,0.0044,0.0044,49,64,-35,14,54,87,15.0,50,SFfI0QgAAAAAAAAAAIBHQAAAAAAAAEtAPABFAAAAtkIyAAAAYgBGAAAAOwAsAB4AMUAFNjZXHjI=
31,57,5,94,92,0.29648437499999997,101304.34782608696,-19.35771936166813,7.8093567383269,34.175416,Internal Communication Fault; Internal Conversion Fault; Weak Cell Fault,5.9,7.4,7.4,1.3,0.0067,0.0067,5,6,-9,-35,81,96,44.5,10,SFcdqzkAAAAAAAAAAAAUQAAAAAAAgFdAXABkAAAAXEIHAAAAOwBKAAAADQBDACkABQYfBVFgWQo=
72,96,55,24,70,0.2255859375,136285.7142857143,-24.104150548802465,3.2018362627140293,29.8258176,Internal Communication Fault; Internal Conversion Fault; Weak Cell Fault; Low Cell Voltage Fault; Open Wiring Fault; Current Sensor Fault; Pack Voltage Sensor Fault,5.2,8.4,8.4,0.30000000000000004,0.009600000000000001,0.009600000000000001,90,95,-4,-7,42,54,12.5,59,SFcwsWAAAAAAAAAAAIBLQAAAAAAAADhARgApAAAAQEJZAAAANABUAAAAAwBgABsAWl8kISo2GTs=
61,95,47,31,62,0.1998046875,155161.29032258064,-26.124391305693308,5.46654971682883,26.0975904,Internal Communication Fault; Internal Conversion Fault; Weak Cell Fault,7.0,1.2000000000000002,1.2000000000000002,3.8000000000000003,0.0023,0.0023,69,41,21,46,85,44,34.0,99,SFdo8l8AAAAAAAAAAIBHQAAAAAAAAD9APgBGAAAAKEIHAAAARgAMAAAAJgAXAAoARSk9VlUsRGM=
89,41,81,47,47,0.15146484375,207872.3404255319,-30.56129925793647,3.5142105322471053,49.0883248,Internal Communication Fault; Internal Conversion Fault; Weak Cell Fault,4.6000000000000005,7.7,7.7,6.4,0.0083,0.0083,72,53,30,-14,91,16,14.0,49,SFfTjCkAAAAAAAAAAEBUQAAAAAAAgEdALwAtAAAAnkIGAAAALgBNAAAAQABTAEoASDVGGlsQHDE=
96,31,1,48,92,0.29648437499999997,101304.34782608696,-19.35771936166813,3.279929830097298,26.7189616,Internal Communication Fault; Internal Conversion Fault; Weak Cell Fault; Low Cell Voltage Fault; Open Wiring Fault; Current Sensor Fault,1.5,5.0,5.0,2.8000000000000003,0.009000000000000001,0.009000000000000001,58,39,35,15,61,37,1.0,94,SFffVh8AAAAAAAAAAADwPwAAAAAAAEhAXAAqAAAALEI9AAAADwAyAAAAHABaACoAOidLNz0lAl4=
71,9,67,3,9,0.02900390625,1127777.7777777778,-53.385483568383876,1.405684212898842,40.389128,Internal Communication Fault; Internal Conversion Fault; Weak Cell Fault; Low Cell Voltage Fault; Open Wiring Fault; Current Sensor Fault,4.7,8.1,8.1,0.6000000000000001,0.009000000000000001,0.009000000000000001,65,65,27,30,11,59,30.0,80,SFe97gkAAAAAAAAAAMBQQAAAAAAAAAhACQASAAAAgkIpAAAALwBRAAAABgBaAEsAQUFDRgs7PFA=
88,43,8,49,58,0.18691406249999998,166551.72413793104,-27.21394911387162,4.841801177762678,0.6213712,Internal Communication Fault; Internal Conversion Fault; Weak Cell Fault; Low Cell Voltage Fault; Open Wiring Fault,9.3,3.1,3.1,7.7,0.003,0.003,99,85,52,-8,34,56,27.0,4,SFe49isAAAAAAAAAAAAgQAAAAAAAgEhAOgA+AAAAgD8aAAAAXQAfAAAATQAeAF8AY1VcICI4NgQ=
59,63,40,63,35,0.11279296875,282571.4285714286,-35.050616867496245,6.716046794961134,49.709696,Internal Communication Fault; Internal Conversion Fault; Weak Cell Fault; Low Cell Voltage Fault; Open Wiring Fault; Current Sensor Fault,7.2,2.1,2.1,7.2,0.0094,0.0094,58,45,40,54,27,57,4.0,24,SFe5kD8AAAAAAAAAAABEQAAAAAAAgE9AIwBWAAAAoEI5AAAASAAVAAAASABeAFMAOi1QXhs5CBg=
17,37,5,27,90,0.2900390625,103777.77777777778,-19.750463750037767,7.2627017666440175,4.3495984,Internal Communication Fault; Internal Conversion Fault; Weak Cell Fault; Low Cell Voltage Fault; Open Wiring Fault; Current Sensor Fault,9.600000000000001,6.300000000000001,6.300000000000001,0.4,0.0027,0.0027,60,18,10,35,57,73,8.5,23,SFfzRyUAAAAAAAAAAAAUQAAAAAAAADtAWgBdAAAA4EAnAAAAYAA/AAAABAAbAF8APBIySzlJERc=
57,75,15,5,47,0.15146484375,207872.3404255319,-30.56129925793647,1.639964915048649,54.0592944,Internal Communication Fault; Internal Conversion Fault,5.0,3.9000000000000004,3.9000000000000004,9.5,0.009600000000000001,0.009600000000000001,57,68,56,19,99,18,13.5,13,SFetIksAAAAAAAAAAAAuQAAAAAAAABRALwAVAAAArkIDAAAAMgAnAAAAXwBgAEAAOURgO2MSGw0=
67,18,78,32,63,0.20302734374999998,152539.68253968254,-25.860861782418283,4.295146206079795,27.3403328,Internal Communication Fault; Internal Conversion Fault; Weak Cell Fault; Low Cell Voltage Fault; Open Wiring Fault,6.1000000000000005,4.0,4.0,3.8000000000000003,0.0054,0.0054,11,42,-20,-1,91,56,11.0,92,SFcpqxIAAAAAAAAAAIBTQAAAAAAAAEBAPwA3AAAAMEIUAAAAPQAoAAAAJgA2AFMACyoUJ1s4Flw=
30,82,24,63,89,0.28681640625,105056.17977528089,-19.949336510488052,4.060865503929988,38.5250144,Internal Communication Fault; Internal Conversion Fault; Weak Cell Fault; Low Cell Voltage Fault; Open Wiring Fault,4.4,4.5,4.5,8.6,0.007200000000000001,0.007200000000000001,28,74,-5,-30,57,48,45.5,71,SFdX9VIAAAAAAAAAAAA4QAAAAAAAgE9AWQA0AAAAeEIRAAAALAAtAAAAVgBIADQAHEojCjkwW0c=
48,19,11,54,21,0.06767578125,477619.04761904763,-42.35281199062982,2.2647134541148013,1.2427424,Internal Communication Fault; Internal Conversion Fault; Weak Cell Fault; Low Cell Voltage Fault; Open Wiring Fault; Current Sensor Fault,0.9,5.7,5.7,4.4,0.0064,0.0064,63,21,1,-26,93,69,15.5,37,SFdTOxMAAAAAAAAAAAAmQAAAAAAAAEtAFQAdAAAAAEA/AAAACQA5AAAALABAABIAPxUpDl1FHyU=
57,12,90,4,74,0.2384765625,128378.37837837837,-23.1620533488788,0.078093567383269,51.573809600000004,Internal Communication Fault; Internal Conversion Fault; Weak Cell Fault; Low Cell Voltage Fault; Open Wiring Fault,4.6000000000000005,6.6000000000000005,6.6000000000000005,0.9,0.0029000000000000002,0.0029000000000000002,67,73,30,45,46,45,23.0,95,SFfDrAwAAAAAAAAAAIBWQAAAAAAAABBASgABAAAApkITAAAALgBCAAAACQAdAAoAQ0lGVS4tLl8=
24,92,84,69,82,0.26425781249999997,114878.0487804878,-21.39169039688096,3.982771936546719,1.8641136,Internal Communication Fault; Internal Conversion Fault; Weak Cell Fault; Low Cell Voltage Fault; Open Wiring Fault; Current Sensor Fault,7.9,8.0,8.0,8.0,0.0013000000000000002,0.0013000000000000002,87,50,57,-19,78,27,7.5,29,SFdyIVwAAAAAAAAAAABVQAAAAAAAQFFAUgAzAAAAQEA3AAAATwBQAAAAUAANAAkAVzJhFU4bDx0=
11,51,8,36,48,0.15468749999999998,203333.33333333334,-30.231930279653483,1.483777780282111,14.9129088,Internal Communication Fault; Internal Conversion Fault; Weak Cell Fault; Low Cell Voltage Fault; Open Wiring Fault; Current Sensor Fault; Pack Voltage Sensor Fault,8.200000000000001,5.0,5.0,2.9000000000000004,0.0077,0.0077,61,2,47,-21,81,83,42.0,61,SFekPjMAAAAAAAAAAAAgQAAAAAAAAEJAMAATAAAAwEFfAAAAUgAyAAAAHQBNABYAPQJXE1FTVD0=
25,19,6,45,37,0.11923828125,266756.75675675675,-34.22113266012289,7.106514631877479,61.515748800000004,Internal Communication Fault; Internal Conversion Fault; Weak Cell Fault,6.6000000000000005,7.0,7.0,4.9,0.0035,0.0035,81,13,25,-32,85,13,12.0,100,SFf0rhMAAAAAAAAAAAAYQAAAAAAAgEZAJQBbAAAAxkIGAAAAQgBGAAAAMQAjAEwAUQ1BCFUNGGQ=
28,13,83,97,55,0.17724609375,176181.81818181818,-28.07167446824093,5.46654971682883,45.3600976,Internal Communication Fault; Internal Conversion Fault; Weak Cell Fault; Low Cell Voltage Fault; Open Wiring Fault; Current Sensor Fault,4.7,0.2,0.2,8.700000000000001,0.0046,0.0046,81,65,26,39,29,82,5.5,64,SFeq3g0AAAAAAAAAAMBUQAAAAAAAQFhANwBGAAAAkkInAAAALwACAAAAVwAuAD4AUUFCTx1SC0A=
45,85,76,88,5,0.01611328125,2038000.0,-60.38981896949207,7.184608199260748,50.3310672,Internal Communication Fault; Internal Conversion Fault; Weak Cell Fault; Low Cell Voltage Fault; Open Wiring Fault,4.9,3.2,3.2,6.300000000000001,0.0013000000000000002,0.0013000000000000002,86,10,54,-3,95,8,21.0,84,SFeqMVUAAAAAAAAAAABTQAAAAAAAAFZABQBcAAAAokIbAAAAMQAgAAAAPwANAEQAVgpeJV8IKlQ=
10,84,34,5,100,0.322265625,92400.0,-17.84856557528036,3.436116964863836,40.389128,Internal Communication Fault; Internal Conversion Fault; Weak Cell Fault; Low Cell Voltage Fault,3.6,1.2000000000000002,1.2000000000000002,10.0,0.0089,0.0089,98,81,18,1,14,44,42.0,54,SFf6IFQAAAAAAAAAAABBQAAAAAAAABRAZAAsAAAAgkIKAAAAJAAMAAAAZABZACwAYlE6KQ4sVDY=
15,25,70,56,57,0.18369140625,169649.12280701756,-27.49578086221021,3.90467836916345,41.631870400000004,Internal Communication Fault; Internal Conversion Fault; Weak Cell Fault; Low Cell Voltage Fault; Open Wiring Fault; Current Sensor Fault,10.0,9.1,9.1,8.4,0.0043,0.0043,49,72,-5,53,65,10,34.0,14,SFex0xkAAAAAAAAAAIBRQAAAAAAAAExAOQAyAAAAhkI4AAAAZABbAAAAVAArAFcAMUgjXUEKRA4=
28,46,9,41,2,0.0064453125,5110000.0,-70.42719674383767,5.700830418978637,0.6213712,Internal Communication Fault; Internal Conversion Fault; Weak Cell Fault; Low Cell Voltage Fault; Open Wiring Fault; Current Sensor Fault,5.6000000000000005,9.4,9.4,0.2,0.0024000000000000002,0.0024000000000000002,2,61,26,-31,76,60,36.5,84,SFe24y4AAAAAAAAAAAAiQAAAAAAAgERAAgBJAAAAgD85AAAAOABeAAAAAgAYADUAAj1CCUw8SVQ=
78,18,87,33,18,0.0580078125,558888.8888888889,-44.45259195684929,2.186619886731532,15.53428,Internal Communication Fault; Internal Conversion Fault; Weak Cell Fault; Low Cell Voltage Fault,0.1,5.7,5.7,7.4,0.008400000000000001,0.008400000000000001,1,53,-15,-19,19,87,21.5,83,SFfRJRIAAAAAAAAAAMBVQAAAAAAAgEBAEgAcAAAAyEELAAAAAQA5AAAASgBUAB0AATUZFRNXK1M=
12,69,32,95,26,0.0837890625,383846.1538461539,-39.36715569557899,5.310362582062292,21.1266208,Internal Communication Fault; Internal Conversion Fault; Weak Cell Fault; Low Cell Voltage Fault; Open Wiring Fault; Current Sensor Fault; Pack Voltage Sensor Fault,7.1000000000000005,9.200000000000001,9.200000000000001,5.800000000000001,0.004,0.004,27,57,7,-20,32,53,44.5,11,SFcbkUUAAAAAAAAAAABAQAAAAAAAwFdAGgBEAAAACEJGAAAARwBcAAAAOgAoAB0AGzkvFCA1WQs=
73,73,96,63,30,0.0966796875,331333.3333333333,-37.313683485583454,3.12374269533076,32.9326736,Internal Communication Fault; Internal Conversion Fault; Weak Cell Fault; Low Cell Voltage Fault; Open Wiring Fault,10.0,6.9,6.9,4.9,0.006500000000000001,0.006500000000000001,33,72,22,41,68,16,35.5,84,SFcwn0kAAAAAAAAAAABYQAAAAAAAgE9AHgAoAAAAVEIUAAAAZABFAAAAMQBBAFUAIUg+UUQQR1Q=
47,35,3,36,4,0.012890625,2550000.0,-62.92764206686425,1.952339184581725,52.816552,Internal Communication Fault; Internal Conversion Fault; Weak Cell Fault; Low Cell Voltage Fault; Open Wiring Fault,6.4,1.3,1.3,9.600000000000001,0.0023,0.0023,79,48,44,-31,11,22,22.0,78,SFfsIyMAAAAAAAAAAAAIQAAAAAAAAEJABAAZAAAAqkIcAAAAQAANAAAAYAAXACgATzBUCQsWLE4=
38,30,51,31,74,0.2384765625,128378.37837837837,-23.1620533488788,0.312374269533076,41.631870400000004,Internal Communication Fault; Internal Conversion Fault; Weak Cell Fault; Low Cell Voltage Fault,3.7,4.7,4.7,5.0,0.0002,0.0002,4,31,9,2,12,55,13.5,51,SFfU8x4AAAAAAAAAAIBJQAAAAAAAAD9ASgAEAAAAhkINAAAAJQAvAAAAMgACAGEABB8xKgw3GzM=
70,17,30,87,20,0.064453125,502000.0,-43.02225795749888,6.013204688511713,39.7677568,Internal Communication Fault; Internal Conversion Fault; Weak Cell Fault; Low Cell Voltage Fault; Open Wiring Fault; Current Sensor Fault; Pack Voltage Sensor Fault,1.7000000000000002,7.1000000000000005,7.1000000000000005,5.300000000000001,0.0031000000000000003,0.0031000000000000003,34,17,22,-38,96,70,27.0,86,SFeogREAAAAAAAAAAAA+QAAAAAAAwFVAFABNAAAAgEJcAAAAEQBHAAAANQAfAGEAIhE+AmBGNlY=
76,44,22,95,52,0.167578125,186923.07692307694,-28.968278646215396,5.076081879912485,53.4379232,Internal Communication Fault; Internal Conversion Fault; Weak Cell Fault; Low Cell Voltage Fault; Open Wiring Fault; Current Sensor Fault,9.8,6.7,6.7,5.300000000000001,0.0095,0.0095,6,50,59,24,82,77,18.5,85,SFfJ6CwAAAAAAAAAAAA2QAAAAAAAwFdANABBAAAArEIoAAAAYgBDAAAANQBfACwABjJjQFJNJVU=
8,10,89,55,60,0.193359375,160666.66666666666,-26.66185773774771,7.418888901410555,16.7770224,Internal Communication Fault; Internal Conversion Fault; Weak Cell Fault; Low Cell Voltage Fault; Open Wiring Fault; Current Sensor Fault; Pack Voltage Sensor Fault,7.9,8.5,8.5,1.7000000000000002,0.008,0.008,100,66,19,-21,16,15,12.0,44,SFe+8woAAAAAAAAAAEBWQAAAAAAAgEtAPABfAAAA2EFSAAAATwBVAAAAEQBQAEwAZEI7ExAPGCw=
37,83,93,74,20,0.064453125,502000.0,-43.02225795749888,2.498994156264608,39.1463856,Internal Communication Fault; Internal Conversion Fault; Weak Cell Fault; Low Cell Voltage Fault; Open Wiring Fault; Current Sensor Fault; Pack Voltage Sensor Fault,5.4,0.5,0.5,7.800000000000001,0.0029000000000000002,0.0029000000000000002,2,54,-36,10,97,88,3.0,11,SFcQ1VMAAAAAAAAAAEBXQAAAAAAAgFJAFAAgAAAAfEJQAAAANgAFAAAATgAdAF8AAjYEMmFYBgs=
70,75,55,60,93,0.29970703125,100107.52688172043,-19.16377788979517,3.5142105322471053,3.7282272,Internal Communication Fault; Internal Conversion Fault; Weak Cell Fault; Low Cell Voltage Fault; Open Wiring Fault,2.1,4.0,4.0,6.4,0.0077,0.0077,52,97,14,44,20,70,16.0,75,SFfA+EsAAAAAAAAAAIBLQAAAAAAAAE5AXQAtAAAAwEAQAAAAFQAoAAAAQABNACgANGE2VBRGIEs=
42,85,22,93,75,0.24169921875,126533.33333333334,-22.932811513043674,0.234280702149807,31.6899312,Internal Communication Fault; Internal Conversion Fault; Weak Cell Fault; Low Cell Voltage Fault; Open Wiring Fault; Current Sensor Fault; Pack Voltage Sensor Fault,2.5,2.4000000000000004,2.4000000000000004,0.5,0.0053,0.0053,47,56,5,53,55,48,41.5,76,SFckG1UAAAAAAAAAAAA2QAAAAAAAQFdASwADAAAATEJNAAAAGQAYAAAABQA1AA4ALzgtXTcwU0w=
49,83,26,82,19,0.061230468749999996,528947.3684210526,-43.721179857756226,1.483777780282111,9.320568,Internal Communication Fault; Internal Conversion Fault; Weak Cell Fault,0.8,8.5,8.5,2.2,0.007500000000000001,0.007500000000000001,58,87,-8,16,59,47,13.0,83,SFd50lMAAAAAAAAAAAA6QAAAAAAAgFRAEwATAAAAcEEHAAAACABVAAAAFgBLAAgAOlcgODsvGlM=
88,69,89,22,5,0.01611328125,2038000.0,-60.38981896949207,2.967555560564222,49.0883248,Internal Communication Fault; Internal Conversion Fault; Weak Cell Fault; Low Cell Voltage Fault; Open Wiring Fault; Current Sensor Fault,10.0,5.6000000000000005,5.6000000000000005,3.2,0.0012000000000000001,0.0012000000000000001,21,29,25,-1,70,83,13.5,12,SFeZZ0UAAAAAAAAAAEBWQAAAAAAAADZABQAmAAAAnkI/AAAAZAA4AAAAIAAMAEcAFR1BJ0ZTGww=
77,35,1,51,65,0.20947265625,147538.46153846153,-25.34369312908862,3.670397667013643,24.854848,Internal Communication Fault; Internal Conversion Fault; Weak Cell Fault; Low Cell Voltage Fault; Open Wiring Fault; Current Sensor Fault; Pack Voltage Sensor Fault,0.6000000000000001,0.1,0.1,4.7,0.0036000000000000003,0.0036000000000000003,52,71,9,-1,30,2,26.5,76,SFetkyMAAAAAAAAAAADwPwAAAAAAgElAQQAvAAAAIEJIAAAABgABAAAALwAkABMANEcxJx4CNUw=
53,49,25,67,98,0.3158203125,94489.79591836735,-18.217074892429935,6.013204688511713,3.7282272,Internal Communication Fault; Internal Conversion Fault; Weak Cell Fault; Low Cell Voltage Fault; Open Wiring Fault; Current Sensor Fault; Pack Voltage Sensor Fault,3.7,2.1,2.1,4.4,0.0064,0.0064,96,2,-29,-5,98,67,24.0,3,SFfk4TEAAAAAAAAAAAA5QAAAAAAAwFBAYgBNAAAAwEBjAAAAJQAVAAAALABAAFUAYAILI2JDMAM=
23,68,27,83,96,0.30937499999999996,96666.66666666667,-18.59127959557162,4.138959071313257,27.3403328,Internal Communication Fault; Internal Conversion Fault; Weak Cell Fault; Low Cell Voltage Fault; Open Wiring Fault,5.9,9.600000000000001,9.600000000000001,6.800000000000001,0.0032,0.0032,32,9,-34,60,31,88,13.0,17,SFcjpkQAAAAAAAAAAAA7QAAAAAAAwFRAYAA1AAAAMEIQAAAAOwBgAAAARAAgAGEAIAkGZB9YGhE=
31,70,47,32,91,0.29326171875,102527.47252747252,-19.55326985892927,2.34280702149807,13.6701664,Internal Communication Fault; Internal Conversion Fault; Weak Cell Fault; Low Cell Voltage Fault; Open Wiring Fault; Current Sensor Fault,7.4,0.7000000000000001,0.7000000000000001,7.2,0.0014,0.0014,6,21,-5,-4,3,60,17.0,21,SFfX2UYAAAAAAAAAAIBHQAAAAAAAAEBAWwAeAAAAsEEuAAAASgAHAAAASAAOAEIABhUjJAM8IhU=
86,73,84,13,12,0.038671874999999994,843333.3333333334,-49.77340924173271,7.340795334027286,55.923408,Internal Communication Fault; Internal Conversion Fault; Weak Cell Fault; Low Cell Voltage Fault; Open Wiring Fault; Current Sensor Fault; Pack Voltage Sensor Fault,3.3000000000000003,9.9,9.9,4.1000000000000005,0.007200000000000001,0.007200000000000001,23,78,-14,60,57,92,16.0,55,SFexA0kAAAAAAAAAAABVQAAAAAAAACpADABeAAAAtEJYAAAAIQBjAAAAKQBIAA4AF04aZDlcIDc=
60,61,82,71,60,0.193359375,160666.66666666666,-26.66185773774771,1.483777780282111,31.6899312,Internal Communication Fault; Internal Conversion Fault; Weak Cell Fault; Low Cell Voltage Fault; Open Wiring Fault; Current Sensor Fault; Pack Voltage Sensor Fault,6.300000000000001,2.6,2.6,0.7000000000000001,0.0051,0.0051,87,93,45,-33,29,75,1.0,27,SFcyCD0AAAAAAAAAAIBUQAAAAAAAwFFAPAATAAAATEJjAAAAPwAaAAAABwAzAAYAV11VBx1LAhs=
84,16,44,77,14,0.045117187499999996,721428.5714285715,-47.783592412129224,5.544643284212099,34.175416,Internal Communication Fault; Internal Conversion Fault; Weak Cell Fault; Low Cell Voltage Fault; Open Wiring Fault; Current Sensor Fault; Pack Voltage Sensor Fault,8.4,6.9,6.9,0.6000000000000001,0.0008,0.0008,5,62,-15,46,62,41,23.5,72,SFdxCxAAAAAAAAAAAABGQAAAAAAAQFNADgBHAAAAXEJIAAAAVABFAAAABgAIADsABT4ZVj4pL0g=
24,13,34,71,80,0.2578125,118000.0,-21.82120954884232,3.982771936546719,55.3020368,Internal Communication Fault; Internal Conversion Fault; Weak Cell Fault; Low Cell Voltage Fault; Open Wiring Fault; Current Sensor Fault,9.9,6.6000000000000005,6.6000000000000005,8.8,0.009300000000000001,0.009300000000000001,2,38,-30,-32,92,95,1.5,56,SFfVyw0AAAAAAAAAAABBQAAAAAAAwFFAUAAzAAAAskI9AAAAYwBCAAAAWABdAFcAAiYKCFxfAzg=
97,25,7,27,91,0.29326171875,102527.47252747252,-19.55326985892927,2.2647134541148013,27.961704,Internal Communication Fault; Internal Conversion Fault; Weak Cell Fault,5.4,5.800000000000001,5.800000000000001,7.1000000000000005,0.0034000000000000002,0.0034000000000000002,48,17,58,-35,12,6,7.5,46,SFdQfhkAAAAAAAAAAAAcQAAAAAAAADtAWwAdAAAANEIGAAAANgA6AAAARwAiACIAMBFiBQwGDy4=
95,8,93,64,10,0.0322265625,1014000.0,-52.07745461328449,3.2018362627140293,15.53428,Internal Communication Fault; Internal Conversion Fault; Weak Cell Fault; Low Cell Voltage Fault; Open Wiring Fault; Current Sensor Fault; Pack Voltage Sensor Fault,5.4,4.7,4.7,9.4,0.0019,0.0019,100,79,-32,39,34,35,12.5,70,SFe7ZAgAAAAAAAAAAEBXQAAAAAAAAFBACgApAAAAyEFRAAAANgAvAAAAXgATAA0AZE8ITyIjGUY=
35,44,89,59,89,0.28681640625,105056.17977528089,-19.949336510488052,4.919894745145947,7.4564544,Internal Communication Fault; Internal Conversion Fault; Weak Cell Fault; Low Cell Voltage Fault; Open Wiring Fault; Current Sensor Fault; Pack Voltage Sensor Fault,0.4,1.9000000000000001,1.9000000000000001,7.300000000000001,0.0023,0.0023,89,69,-39,54,36,58,31.0,16,SFcQsCwAAAAAAAAAAEBWQAAAAAAAgE1AWQA/AAAAQEFYAAAABAATAAAASQAXAFIAWUUBXiQ6PhA=
1,89,99,86,85,0.27392578125,110470.58823529411,-20.762367304649985,1.249497078132304,34.7967872,Internal Communication Fault; Internal Conversion Fault; Weak Cell Fault; Low Cell Voltage Fault; Open Wiring Fault,4.6000000000000005,5.4,5.4,7.9,0.006200000000000001,0.006200000000000001,23,62,-2,12,36,26,5.0,80,SFdZQlkAAAAAAAAAAMBYQAAAAAAAgFVAVQAQAAAAYEIaAAAALgA2AAAATwA+AEQAFz4mNCQaClA=
10,23,13,79,83,0.26748046875,113373.49397590362,-21.179968300786356,4.763707610379409,36.0395296,Internal Communication Fault; Internal Conversion Fault; Weak Cell Fault; Low Cell Voltage Fault; Open Wiring Fault; Current Sensor Fault; Pack Voltage Sensor Fault,2.4000000000000004,4.800000000000001,4.800000000000001,8.5,0.0011,0.0011,46,67,2,24,48,56,37.0,34,SFcJmxcAAAAAAAAAAAAqQAAAAAAAwFNAUwA9AAAAaEJDAAAAGAAwAAAAVQALACoALkMqQDA4SiI=
85,52,10,24,73,0.23525390624999998,130273.97260273973,-23.393742164848476,1.483777780282111,40.389128,Internal Communication Fault; Internal Conversion Fault; Weak Cell Fault; Low Cell Voltage Fault; Open Wiring Fault; Current Sensor Fault,9.200000000000001,4.0,4.0,2.9000000000000004,0.0007,0.0007,23,87,18,20,81,62,21.5,39,SFeyMDQAAAAAAAAAAAAkQAAAAAAAADhASQATAAAAgkI7AAAAXAAoAAAAHQAHAEAAF1c6PFE+Kyc=
88,86,85,15,20,0.064453125,502000.0,-43.02225795749888,0.390467836916345,54.6806656,Internal Communication Fault; Internal Conversion Fault; Weak Cell Fault; Low Cell Voltage Fault; Open Wiring Fault; Current Sensor Fault; Pack Voltage Sensor Fault,9.1,6.5,6.5,3.2,0.00030000000000000003,0.00030000000000000003,98,90,-27,-25,26,24,1.5,95,SFeBEFYAAAAAAAAAAEBVQAAAAAAAAC5AFAAFAAAAsEJRAAAAWwBBAAAAIAADABMAYloNDxoYA18=
18,57,58,28,92,0.29648437499999997,101304.34782608696,-19.35771936166813,2.108526319348263,53.4379232,Internal Communication Fault; Internal Conversion Fault; Weak Cell Fault; Low Cell Voltage Fault; Open Wiring Fault,2.0,0.5,0.5,7.9,0.0092,0.0092,59,17,-25,19,36,37,2.5,8,SFefRTkAAAAAAAAAAABNQAAAAAAAADxAXAAbAAAArEIVAAAAFAAFAAAATwBcAD4AOxEPOyQlBQg=
43,82,12,84,4,0.012890625,2550000.0,-62.92764206686425,4.607520475612871,5.5923408000000006,Internal Communication Fault; Internal Conversion Fault,8.700000000000001,1.8,1.8,7.5,0.0041,0.0041,68,30,-13,49,35,65,23.0,9,SFdmTlIAAAAAAAAAAAAoQAAAAAAAAFVABAA7AAAAEEEDAAAAVwASAAAASwApABAARB4bWSNBLgk=
52,22,77,45,4,0.012890625,2550000.0,-62.92764206686425,1.639964915048649,6.213712,Internal Communication Fault; Internal Conversion Fault; Weak Cell Fault; Low Cell Voltage Fault; Open Wiring Fault; Current Sensor Fault; Pack Voltage Sensor Fault,3.9000000000000004,0.2,0.2,4.5,0.0079,0.0079,30,79,28,-32,64,76,29.0,95,SFdo1RYAAAAAAAAAAEBTQAAAAAAAgEZABAAVAAAAIEFcAAAAJwACAAAALQBPAGEAHk9ECEBMOl8=
52,63,47,19,15,0.04833984375,672666.6666666666,-46.88012135047842,1.796152049815187,24.854848,Internal Communication Fault; Internal Conversion Fault; Weak Cell Fault; Low Cell Voltage Fault,1.8,7.0,7.0,3.5,0.0006000000000000001,0.0006000000000000001,94,52,0,45,55,81,31.5,48,SFc9wj8AAAAAAAAAAIBHQAAAAAAAADNADwAXAAAAIEIKAAAAEgBGAAAAIwAGAEsAXjQoVTdRPzA=
69,4,6,88,23,0.07412109374999999,435217.39130434784,-41.092256481067125,4.373239773463064,54.0592944,Internal Communication Fault; Internal Conversion Fault; Weak Cell Fault; Low Cell Voltage Fault; Open Wiring Fault,5.6000000000000005,6.0,6.0,6.300000000000001,0.007,0.007,86,69,31,-23,78,76,11.0,1,SFf4WwQAAAAAAAAAAAAYQAAAAAAAAFZAFwA4AAAArkIfAAAAOAA8AAAAPwBGABgAVkVHEU5MFgE=
28,73,76,63,83,0.26748046875,113373.49397590362,-21.179968300786356,5.700830418978637,26.7189616,Internal Communication Fault; Internal Conversion Fault; Weak Cell Fault; Low Cell Voltage Fault; Open Wiring Fault,3.3000000000000003,3.5,3.5,1.1,0.0048000000000000004,0.0048000000000000004,22,26,56,-17,83,77,9.0,59,SFchuUkAAAAAAAAAAABTQAAAAAAAgE9AUwBJAAAALEIfAAAAIQAjAAAACwAwAFMAFhpgF1NNEjs=
19,3,6,55,54,0.1740234375,179629.62962962964,-28.366020360527244,0.546654971682883,25.4762192,Internal Communication Fault; Internal Conversion Fault; Weak Cell Fault; Low Cell Voltage Fault; Open Wiring Fault; Current Sensor Fault,6.1000000000000005,3.9000000000000004,3.9000000000000004,8.0,0.0029000000000000002,0.0029000000000000002,40,66,55,59,68,83,12.5,67,SFdN8wMAAAAAAAAAAAAYQAAAAAAAgEtANgAHAAAAJEI8AAAAPQAnAAAAUAAdAEkAKEJfY0RTGUM=
87,87,86,80,92,0.29648437499999997,101304.34782608696,-19.35771936166813,2.498994156264608,24.854848,Internal Communication Fault; Internal Conversion Fault; Weak Cell Fault; Low Cell Voltage Fault; Open Wiring Fault; Current Sensor Fault; Pack Voltage Sensor Fault,1.7000000000000002,5.0,5.0,8.4,0.0034000000000000002,0.0034000000000000002,98,66,-11,-38,77,20,5.5,39,SFcPsVcAAAAAAAAAAIBVQAAAAAAAAFRAXAAgAAAAIEJPAAAAEQAyAAAAVAAiACYAYkIdAk0UCyc=
40,10,11,39,52,0.167578125,186923.07692307694,-28.968278646215396,3.592304099630374,32.3113024,Internal Communication Fault; Internal Conversion Fault; Weak Cell Fault; Low Cell Voltage Fault; Open Wiring Fault; Current Sensor Fault; Pack Voltage Sensor Fault,9.1,0.6000000000000001,0.6000000000000001,0.9,0.0017000000000000001,0.0017000000000000001,31,9,8,-11,12,96,49.5,92,SFcp6goAAAAAAAAAAAAmQAAAAAAAgENANAAuAAAAUEJSAAAAWwAGAAAACQARAFsAHwkwHQxgY1w=
86,96,55,3,100,0.322265625,92400.0,-17.84856557528036,6.794140362344403,55.3020368,Internal Communication Fault; Internal Conversion Fault; Weak Cell Fault; Low Cell Voltage Fault; Open Wiring Fault; Current Sensor Fault; Pack Voltage Sensor Fault,1.1,9.5,9.5,2.3000000000000003,0.008700000000000001,0.008700000000000001,77,11,-36,59,50,22,12.0,96,SFfc3GAAAAAAAAAAAIBLQAAAAAAAAAhAZABXAAAAskJeAAAACwBfAAAAFwBXAFcATQsEYzIWGGA=
27,74,70,21,28,0.09023437499999999,355714.28571428574,-38.309233997406494,1.093309943365766,13.0487952,Internal Communication Fault; Internal Conversion Fault; Weak Cell Fault; Low Cell Voltage Fault; Open Wiring Fault; Current Sensor Fault; Pack Voltage Sensor Fault,5.2,1.2000000000000002,1.2000000000000002,8.6,0.0014,0.0014,15,100,-35,31,96,78,39.5,48,SFfGnEoAAAAAAAAAAIBRQAAAAAAAADVAHAAOAAAAqEFNAAAANAAMAAAAVgAOAFoAD2QFR2BOTzA=
69,17,38,96,87,0.28037109374999997,107701.14942528735,-20.352266371270986,5.857017553745175,49.0883248,Internal Communication Fault; Internal Conversion Fault; Weak Cell Fault; Low Cell Voltage Fault,2.7,8.1,8.1,7.9,0.0009000000000000001,0.0009000000000000001,3,73,52,-8,62,23,10.0,22,SFffKhEAAAAAAAAAAABDQAAAAAAAAFhAVwBLAAAAnkIPAAAAGwBRAAAATwAJACEAA0lcID4XFBY=
72,30,76,63,36,0.116015625,274444.44444444444,-34.63104464456467,5.857017553745175,40.389128,Internal Communication Fault; Internal Conversion Fault; Weak Cell Fault; Low Cell Voltage Fault; Open Wiring Fault; Current Sensor Fault; Pack Voltage Sensor Fault,5.300000000000001,3.5,3.5,1.8,0.006,0.006,56,14,42,32,59,64,41.5,78,SFefih4AAAAAAAAAAABTQAAAAAAAgE9AJABLAAAAgkJSAAAANQAjAAAAEgA8ABgAOA5SSDtAU04=
76,91,34,9,9,0.02900390625,1127777.7777777778,-53.385483568383876,7.028421064494211,25.4762192,Internal Communication Fault; Internal Conversion Fault; Weak Cell Fault; Low Cell Voltage Fault; Open Wiring Fault; Current Sensor Fault,4.0,3.6,3.6,4.6000000000000005,0.0024000000000000002,0.0024000000000000002,11,97,55,29,58,13,15.5,33,SFcDSlsAAAAAAAAAAABBQAAAAAAAACJACQBaAAAAJEIrAAAAKAAkAAAALgAYACwAC2FfRToNHyE=
52,94,51,75,17,0.054785156249999994,592352.9411764706,-45.22000637025121,2.5770877236478773,27.3403328,Internal Communication Fault; Internal Conversion Fault; Weak Cell Fault; Low Cell Voltage Fault,3.2,0.4,0.4,4.800000000000001,0.0038,0.0038,90,85,25,2,87,66,5.0,31,SFcJIF4AAAAAAAAAAIBJQAAAAAAAwFJAEQAhAAAAMEINAAAAIAAEAAAAMAAmADUAWlVBKldCCh8=
68,65,33,11,13,0.04189453125,777692.3076923077,-48.745094832936076,6.716046794961134,45.3600976,Internal Communication Fault; Internal Conversion Fault; Weak Cell Fault; Low Cell Voltage Fault; Open Wiring Fault; Current Sensor Fault,8.9,3.7,3.7,3.4000000000000004,0.0047,0.0047,15,31,28,58,63,29,16.5,55,SFe2lUEAAAAAAAAAAIBAQAAAAAAAACZADQBWAAAAkkI5AAAAWQAlAAAAIgAvAEUADx9EYj8dITc=
3,35,92,83,26,0.0837890625,383846.1538461539,-39.36715569557899,1.327590645515573,16.7770224,Internal Communication Fault; Internal Conversion Fault; Weak Cell Fault; Low Cell Voltage Fault; Open Wiring Fault,9.5,9.700000000000001,9.700000000000001,2.1,0.0033,0.0033,45,11,-38,-21,61,16,4.0,22,SFfwnyMAAAAAAAAAAABXQAAAAAAAwFRAGgARAAAA2EEZAAAAXwBhAAAAFQAhAAoALQsCEz0QCBY=
12,63,72,37,13,0.04189453125,777692.3076923077,-48.745094832936076,5.46654971682883,57.1661504,Internal Communication Fault; Internal Conversion Fault; Weak Cell Fault; Low Cell Voltage Fault; Open Wiring Fault,1.5,8.1,8.1,2.8000000000000003,0.005200000000000001,0.005200000000000001,30,74,8,-33,74,24,32.0,35,SFfUtD8AAAAAAAAAAABSQAAAAAAAgEJADQBGAAAAuEIXAAAADwBRAAAAHAA0AE0AHkowB0oYQCM=
70,26,39,48,100,0.322265625,92400.0,-17.84856557528036,7.028421064494211,60.8943776,Internal Communication Fault; Internal Conversion Fault; Weak Cell Fault; Low Cell Voltage Fault; Open Wiring Fault,6.4,4.3,4.3,1.8,0.0015,0.0015,36,53,26,-25,90,17,33.5,14,SFep5xoAAAAAAAAAAIBDQAAAAAAAAEhAZABaAAAAxEIeAAAAQAArAAAAEgAPAFUAJDVCD1oRQw4=
46,82,66,4,94,0.3029296875,98936.17021276595,-18.971412135769953,3.2018362627140293,52.816552,Internal Communication Fault; Internal Conversion Fault; Weak Cell Fault; Low Cell Voltage Fault; Open Wiring Fault; Current Sensor Fault,7.2,9.0,9.0,1.1,0.0045000000000000005,0.0045000000000000005,62,70,33,5,42,15,49.0,44,SFfiilIAAAAAAAAAAIBQQAAAAAAAABBAXgApAAAAqkIxAAAASABaAAAACwAtABcAPkZJLSoPYiw=
55,34,34,97,11,0.03544921875,920909.0909090909,-50.879524119665405,5.46654971682883,18.0197648,Internal Communication Fault; Internal Conversion Fault; Weak Cell Fault; Low Cell Voltage Fault; Open Wiring Fault,3.4000000000000004,2.7,2.7,8.4,0.0048000000000000004,0.0048000000000000004,53,69,-27,20,85,68,48.5,69,SFfbeSIAAAAAAAAAAABBQAAAAAAAQFhACwBGAAAA6EEeAAAAIgAbAAAAVAAwAAoANUUNPFVEYUU=
61,42,25,47,62,0.1998046875,155161.29032258064,-26.124391305693308,0.702842106449421,24.854848,Internal Communication Fault; Internal Conversion Fault; Weak Cell Fault; Low Cell Voltage Fault; Open Wiring Fault,4.9,9.200000000000001,9.200000000000001,4.800000000000001,0.0095,0.0095,97,38,-10,-12,48,39,42.0,34,SFcB/SoAAAAAAAAAAAA5QAAAAAAAgEdAPgAJAAAAIEITAAAAMQBcAAAAMABfAEgAYSYeHDAnVCI=
50,98,67,22,56,0.18046874999999998,172857.14285714287,-27.781643196523817,6.794140362344403,29.204446400000002,Internal Communication Fault; Internal Conversion Fault; Weak Cell Fault,0.7000000000000001,4.1000000000000005,4.1000000000000005,7.5,0.0054,0.0054,20,94,28,12,23,7,47.0,54,SFdG2WIAAAAAAAAAAMBQQAAAAAAAADZAOABXAAAAPEIHAAAABwApAAAASwA2AFwAFF5ENBcHXjY=
99,57,38,87,47,0.15146484375,207872.3404255319,-30.56129925793647,7.184608199260748,19.2625072,Internal Communication Fault; Internal Conversion Fault; Weak Cell Fault; Low Cell Voltage Fault,5.7,1.2000000000000002,1.2000000000000002,0.8,0.0006000000000000001,0.0006000000000000001,75,36,37,-3,79,6,40.0,23,SFfCkTkAAAAAAAAAAABDQAAAAAAAwFVALwBcAAAA+EELAAAAOQAMAAAACAAGAE8ASyRNJU8GUBc=
82,41,19,33,63,0.20302734374999998,152539.68253968254,-25.860861782418283,4.138959071313257,24.854848,Internal Communication Fault; Internal Conversion Fault; Weak Cell Fault; Low Cell Voltage Fault; Open Wiring Fault; Current Sensor Fault; Pack Voltage Sensor Fault,0.2,5.7,5.7,2.6,0.0099,0.0099,2,36,7,-28,24,31,4.0,13,SFdx+CkAAAAAAAAAAAAzQAAAAAAAgEBAPwA1AAAAIEJcAAAAAgA5AAAAGgBjACIAAiQvDBgfCA0=
13,54,13,92,49,0.15791015625,198979.5918367347,-29.908152811637905,1.874245617198456,60.2730064,Internal Communication Fault; Internal Conversion Fault; Weak Cell Fault; Low Cell Voltage Fault; Open Wiring Fault; Current Sensor Fault; Pack Voltage Sensor Fault,2.1,7.0,7.0,1.3,0.0051,0.0051,23,66,44,-20,89,99,23.0,30,SFemaTYAAAAAAAAAAAAqQAAAAAAAAFdAMQAYAAAAwkJSAAAAFQBGAAAADQAzAA0AF0JUFFljLh4=
63,30,51,43,80,0.2578125,118000.0,-21.82120954884232,4.529426908229603,52.1951808,Internal Communication Fault; Internal Conversion Fault; Weak Cell Fault; Low Cell Voltage Fault; Open Wiring Fault; Current Sensor Fault; Pack Voltage Sensor Fault,7.300000000000001,7.6000000000000005,7.6000000000000005,9.4,0.0009000000000000001,0.0009000000000000001,8,85,51,33,1,35,47.0,9,SFf7dB4AAAAAAAAAAIBJQAAAAAAAgEVAUAA6AAAAqEJXAAAASQBMAAAAXgAJACIACFVbSQEjXgk=
40,80,56,45,68,0.21914062499999998,140588.23529411765,-24.591249428449345,3.12374269533076,60.8943776,Internal Communication Fault; Internal Conversion Fault; Weak Cell Fault; Low Cell Voltage Fault; Open Wiring Fault; Current Sensor Fault,9.700000000000001,1.3,1.3,6.0,0.0076,0.0076,6,45,24,-11,100,11,5.0,77,SFe8tFAAAAAAAAAAAABMQAAAAAAAgEZARAAoAAAAxEI9AAAAYQANAAAAPABMAEcABi1AHWQLCk0=
31,19,7,7,59,0.19013671875,163559.3220338983,-26.936016443390344,5.935111121128444,56.5447792,Internal Communication Fault; Internal Conversion Fault; Weak Cell Fault; Low Cell Voltage Fault; Open Wiring Fault; Current Sensor Fault; Pack Voltage Sensor Fault,1.6,4.5,4.5,7.6000000000000005,0.0091,0.0091,63,53,45,-25,42,5,39.5,14,SFeRcxMAAAAAAAAAAAAcQAAAAAAAABxAOwBMAAAAtkJWAAAAEAAtAAAATABbADAAPzVVDyoFTw4=
25,54,79,54,25,0.08056640625,399600.0,-39.922371126657765,6.24748539066152,39.1463856,Internal Communication Fault; Internal Conversion Fault; Weak Cell Fault; Low Cell Voltage Fault; Open Wiring Fault; Current Sensor Fault; Pack Voltage Sensor Fault,2.6,9.3,9.3,2.3000000000000003,0.0022,0.0022,78,14,45,15,62,52,39.0,44,SFc2ozYAAAAAAAAAAMBTQAAAAAAAAEtAGQBQAAAAfEJiAAAAGgBdAAAAFwAWAGIATg5VNz40Tiw=
94,93,16,14,96,0.30937499999999996,96666.66666666667,-18.59127959557162,1.015216375982497,27.961704,Internal Communication Fault; Internal Conversion Fault,8.700000000000001,2.1,2.1,6.2,0.0017000000000000001,0.0017000000000000001,60,67,28,-36,26,41,43.5,10,SFcdJl0AAAAAAAAAAAAwQAAAAAAAACxAYAANAAAANEICAAAAVwAVAAAAPgARAF8APENEBBopVwo=
48,98,74,82,63,0.20302734374999998,152539.68253968254,-25.860861782418283,6.716046794961134,61.515748800000004,Internal Communication Fault; Internal Conversion Fault; Weak Cell Fault; Low Cell Voltage Fault; Open Wiring Fault; Current Sensor Fault; Pack Voltage Sensor Fault,4.1000000000000005,0.7000000000000001,0.7000000000000001,0.6000000000000001,0.007,0.007,17,13,-1,-23,45,43,44.0,4,SFeYcWIAAAAAAAAAAIBSQAAAAAAAgFRAPwBWAAAAxkJCAAAAKQAHAAAABgBGADwAEQ0nES0rWAQ=
100,6,81,62,60,0.193359375,160666.66666666666,-26.66185773774771,0.390467836916345,13.6701664,Internal Communication Fault; Internal Conversion Fault; Weak Cell Fault; Low Cell Voltage Fault,5.800000000000001,3.6,3.6,1.7000000000000002,0.0012000000000000001,0.0012000000000000001,86,58,57,-31,58,88,7.0,66,SFe1KAYAAAAAAAAAAEBUQAAAAAAAAE9APAAFAAAAsEELAAAAOgAkAAAAEQAMACoAVjphCTpYDkI=
77,86,94,78,51,0.16435546874999998,190784.3137254902,-29.27652411617811,2.2647134541148013,9.9419392,Internal Communication Fault; Internal Conversion Fault; Weak Cell Fault; Low Cell Voltage Fault; Open Wiring Fault; Current Sensor Fault; Pack Voltage Sensor Fault,6.7,9.0,9.0,4.7,0.005,0.005,90,81,47,-34,53,97,39.5,88,SFfRL1YAAAAAAAAAAIBXQAAAAAAAgFNAMwAdAAAAgEFdAAAAQwBaAAAALwAyAAMAWlFXBjVhT1g=
98,65,36,41,76,0.24492187499999998,124736.84210526315,-22.705954448238572,1.952339184581725,40.389128,Internal Communication Fault; Internal Conversion Fault; Weak Cell Fault; Low Cell Voltage Fault; Open Wiring Fault; Current Sensor Fault,7.300000000000001,2.2,2.2,1.8,0.0006000000000000001,0.0006000000000000001,30,22,-7,5,12,25,0.5,36,SFf0xEEAAAAAAAAAAABCQAAAAAAAgERATAAZAAAAgkI/AAAASQAWAAAAEgAGACIAHhYhLQwZASQ=
90,78,79,97,37,0.11923828125,266756.75675675675,-34.22113266012289,5.700830418978637,1.8641136,Internal Communication Fault; Internal Conversion Fault; Weak Cell Fault,7.300000000000001,6.0,6.0,0.1,0.0046,0.0046,90,24,-17,42,97,75,39.0,46,SFd6704AAAAAAAAAAMBTQAAAAAAAQFhAJQBJAAAAQEAGAAAASQA8AAAAAQAuAC0AWhgXUmFLTi4=
55,1,64,50,49,0.15791015625,198979.5918367347,-29.908152811637905,7.5750760361770935,45.9814688,Internal Communication Fault; Internal Conversion Fault; Weak Cell Fault; Low Cell Voltage Fault; Open Wiring Fault; Current Sensor Fault; Pack Voltage Sensor Fault,7.6000000000000005,6.800000000000001,6.800000000000001,7.1000000000000005,0.0063,0.0063,84,77,38,-39,24,27,13.5,30,SFfaCwEAAAAAAAAAAABQQAAAAAAAAElAMQBhAAAAlEJBAAAATABEAAAARwA/AC4AVE1OARgbGx4=
73,83,41,19,19,0.061230468749999996,528947.3684210526,-43.721179857756226,3.670397667013643,26.7189616,Internal Communication Fault; Internal Conversion Fault; Weak Cell Fault; Low Cell Voltage Fault; Open Wiring Fault; Current Sensor Fault,9.0,6.1000000000000005,6.1000000000000005,7.6000000000000005,0.008700000000000001,0.008700000000000001,79,30,35,44,41,80,5.5,56,SFdW4FMAAAAAAAAAAIBEQAAAAAAAADNAEwAvAAAALEI6AAAAWgA9AAAATABXAAIATx5LVClQCzg=
17,23,74,47,88,0.28359375,106363.63636363637,-20.149924771473735,2.186619886731532,33.5540448,Internal Communication Fault; Internal Conversion Fault; Weak Cell Fault; Low Cell Voltage Fault; Open Wiring Fault; Current Sensor Fault; Pack Voltage Sensor Fault,2.0,3.2,3.2,7.300000000000001,0.0083,0.0083,35,76,30,4,98,46,19.5,41,SFdxJRcAAAAAAAAAAIBSQAAAAAAAgEdAWAAcAAAAWEJBAAAAFAAgAAAASQBTACAAI0xGLGIuJyk=
71,5,26,52,91,0.29326171875,102527.47252747252,-19.55326985892927,7.028421064494211,39.7677568,Internal Communication Fault; Internal Conversion Fault; Weak Cell Fault,3.2,4.9,4.9,0.5,0.006,0.006,16,1,33,18,30,92,26.5,74,SFeDbwUAAAAAAAAAAAA6QAAAAAAAAEpAWwBaAAAAgEIEAAAAIAAxAAAABQA8ACkAEAFJOh5cNUo=
80,77,15,80,46,0.14824218749999998,212608.69565217392,-30.896488268980022,4.841801177762678,52.816552,Internal Communication Fault; Internal Conversion Fault; Weak Cell Fault; Low Cell Voltage Fault; Open Wiring Fault; Current Sensor Fault,4.2,7.800000000000001,7.800000000000001,9.5,0.0055000000000000005,0.0055000000000000005,64,75,-2,-8,3,66,26.0,23,SFe2fE0AAAAAAAAAAAAuQAAAAAAAAFRALgA+AAAAqkIhAAAAKgBOAAAAXwA3AEcAQEsmIANCNBc=
61,92,4,75,20,0.064453125,502000.0,-43.02225795749888,4.841801177762678,49.709696,Internal Communication Fault; Internal Conversion Fault; Weak Cell Fault,5.800000000000001,2.9000000000000004,2.9000000000000004,9.0,0.0032,0.0032,8,60,13,24,25,37,1.0,9,SFff0lwAAAAAAAAAAAAQQAAAAAAAwFJAFAA+AAAAoEIHAAAAOgAdAAAAWgAgADcACDw1QBklAgk=
43,34,59,88,81,0.26103515625,116419.75308641975,-21.605421480245298,6.24748539066152,8.0778256,Internal Communication Fault; Internal Conversion Fault; Weak Cell Fault; Low Cell Voltage Fault; Open Wiring Fault; Current Sensor Fault; Pack Voltage Sensor Fault,1.7000000000000002,9.200000000000001,9.200000000000001,4.2,0.0023,0.0023,6,9,26,27,80,73,44.5,21,SFcp1yIAAAAAAAAAAIBNQAAAAAAAAFZAUQBQAAAAUEFaAAAAEQBcAAAAKgAXACYABglCQ1BJWRU=
35,24,67,38,32,0.103125,310000.0,-36.372837448945404,2.811368425797684,48.466953600000004,Internal Communication Fault; Internal Conversion Fault; Weak Cell Fault; Low Cell Voltage Fault,4.6000000000000005,6.300000000000001,6.300000000000001,3.2,0.0024000000000000002,0.0024000000000000002,59,40,28,50,98,44,8.5,36,SFe5+BgAAAAAAAAAAMBQQAAAAAAAAENAIAAkAAAAnEILAAAALgA/AAAAIAAYAAQAOyhEWmIsESQ=
92,29,88,88,50,0.1611328125,194800.0,-29.589751697708664,3.045649127947491,16.7770224,Internal Communication Fault; Internal Conversion Fault; Weak Cell Fault; Low Cell Voltage Fault; Open Wiring Fault,0.5,6.800000000000001,6.800000000000001,2.1,0.0088,0.0088,30,87,-13,37,96,90,39.5,49,SFe1MB0AAAAAAAAAAABWQAAAAAAAAFZAMgAnAAAA2EEZAAAABQBEAAAAFQBYAFoAHlcbTWBaTzE=
62,25,65,7,49,0.15791015625,198979.5918367347,-29.908152811637905,4.997988312529216,44.1173552,Internal Communication Fault; Internal Conversion Fault; Weak Cell Fault; Low Cell Voltage Fault; Open Wiring Fault; Current Sensor Fault; Pack Voltage Sensor Fault,9.9,4.3,4.3,5.2,0.0027,0.0027,68,38,29,5,46,64,27.5,82,SFeoGxkAAAAAAAAAAEBQQAAAAAAAABxAMQBAAAAAjkJeAAAAYwArAAAANAAbACMARCZFLS5AN1I=
8,20,15,4,85,0.27392578125,110470.58823529411,-20.762367304649985,5.388456149445561,30.4471888,Internal Communication Fault; Internal Conversion Fault; Weak Cell Fault; Low Cell Voltage Fault; Open Wiring Fault; Current Sensor Fault,3.0,8.5,8.5,7.7,0.0037,0.0037,4,78,-20,51,5,34,5.0,76,SFdgORQAAAAAAAAAAAAuQAAAAAAAABBAVQBFAAAAREInAAAAHgBVAAAATQAlAAUABE4UWwUiCkw=
12,75,69,72,20,0.064453125,502000.0,-43.02225795749888,3.90467836916345,9.320568,Internal Communication Fault; Internal Conversion Fault; Weak Cell Fault; Low Cell Voltage Fault; Open Wiring Fault; Current Sensor Fault,7.0,1.4000000000000001,1.4000000000000001,1.5,0.008700000000000001,0.008700000000000001,13,62,0,-32,48,28,0.5,52,SFdJH0sAAAAAAAAAAEBRQAAAAAAAAFJAFAAyAAAAcEExAAAARgAOAAAADwBXAGIADT4oCDAcATQ=
6,24,38,71,52,0.167578125,186923.07692307694,-28.968278646215396,7.496982468793824,47.2242112,Internal Communication Fault; Internal Conversion Fault; Weak Cell Fault; Low Cell Voltage Fault; Open Wiring Fault,2.5,1.4000000000000001,1.4000000000000001,2.8000000000000003,0.0013000000000000002,0.0013000000000000002,39,53,-18,44,47,2,25.0,61,SFf73BgAAAAAAAAAAABDQAAAAAAAwFFANABgAAAAmEIYAAAAGQAOAAAAHAANAA8AJzUWVC8CMj0=
34,77,52,35,52,0.167578125,186923.07692307694,-28.968278646215396,4.919894745145947,6.8350832,Internal Communication Fault; Internal Conversion Fault; Weak Cell Fault,5.1000000000000005,8.6,8.6,3.1,0.006500000000000001,0.006500000000000001,52,66,46,54,16,68,10.5,46,SFc4t00AAAAAAAAAAABKQAAAAAAAgEFANAA/AAAAMEEEAAAAMwBWAAAAHwBBAB0ANEJWXhBEFS4=
78,45,52,71,49,0.15791015625,198979.5918367347,-29.908152811637905,6.403672525428059,43.495984,Internal Communication Fault; Internal Conversion Fault; Weak Cell Fault; Low Cell Voltage Fault; Open Wiring Fault; Current Sensor Fault,4.3,4.4,4.4,2.3000000000000003,0.0063,0.0063,46,57,-8,46,90,44,40.0,86,SFf4ly0AAAAAAAAAAABKQAAAAAAAwFFAMQBSAAAAjEIqAAAAKwAsAAAAFwA/ACAALjkgVlosUFY=
62,91,94,8,2,0.0064453125,5110000.0,-70.42719674383767,7.028421064494211,36.0395296,Internal Communication Fault; Internal Conversion Fault; Weak Cell Fault; Low Cell Voltage Fault; Open Wiring Fault; Current Sensor Fault,3.3000000000000003,2.3000000000000003,2.3000000000000003,0.8,0.0004,0.0004,98,91,-8,-28,33,52,4.0,80,SFdB8VsAAAAAAAAAAIBXQAAAAAAAACBAAgBaAAAAaEIuAAAAIQAXAAAACAAEACIAYlsgDCE0CFA=
46,11,46,16,37,0.11923828125,266756.75675675675,-34.22113266012289,6.325578958044789,21.747992,Internal Communication Fault; Internal Conversion Fault; Weak Cell Fault; Low Cell Voltage Fault; Open Wiring Fault; Current Sensor Fault; Pack Voltage Sensor Fault,5.0,8.700000000000001,8.700000000000001,9.1,0.0074,0.0074,38,61,-22,-17,53,77,47.5,36,SFcTAQsAAAAAAAAAAABHQAAAAAAAADBAJQBRAAAADEJjAAAAMgBXAAAAWwBKAF4AJj0SFzVNXyQ=
66,92,53,25,13,0.04189453125,777692.3076923077,-48.745094832936076,4.217052638696526,21.1266208,Internal Communication Fault; Internal Conversion Fault; Weak Cell Fault,7.5,5.6000000000000005,5.6000000000000005,3.2,0.0095,0.0095,78,73,-15,-26,28,20,40.0,81,SFcswFwAAAAAAAAAAIBKQAAAAAAAADlADQA2AAAACEIHAAAASwA4AAAAIABfACAATkkZDhwUUFE=
45,52,90,42,4,0.012890625,2550000.0,-62.92764206686425,4.607520475612871,50.3310672,Internal Communication Fault; Internal Conversion Fault; Weak Cell Fault; Low Cell Voltage Fault; Open Wiring Fault; Current Sensor Fault; Pack Voltage Sensor Fault,1.3,4.1000000000000005,4.1000000000000005,10.0,0.009000000000000001,0.009000000000000001,76,84,60,-26,95,99,44.0,92,SFeGpzQAAAAAAAAAAIBWQAAAAAAAAEVABAA7AAAAokJdAAAADQApAAAAZABaAFQATFRkDl9jWFw=
30,35,70,9,61,0.19658203124999998,157868.8524590164,-26.391353867104925,2.8894619931809533,46.60284,Internal Communication Fault; Internal Conversion Fault; Weak Cell Fault; Low Cell Voltage Fault; Open Wiring Fault; Current Sensor Fault; Pack Voltage Sensor Fault,4.1000000000000005,0.4,0.4,7.7,0.0011,0.0011,94,58,-11,38,53,12,9.0,8,SFfTsiMAAAAAAAAAAIBRQAAAAAAAACJAPQAlAAAAlkJfAAAAKQAEAAAATQALAF0AXjodTjUMEgg=
53,40,59,97,83,0.26748046875,113373.49397590362,-21.179968300786356,1.56187134766538,59.030264,Internal Communication Fault; Internal Conversion Fault; Weak Cell Fault; Low Cell Voltage Fault,7.300000000000001,6.4,6.4,3.1,0.0043,0.0043,45,58,-9,13,30,84,19.5,50,SFfg6ygAAAAAAAAAAIBNQAAAAAAAQFhAUwAUAAAAvkIPAAAASQBAAAAAHwArAB0ALTofNR5UJzI=
11,53,25,60,42,0.1353515625,233809.52380952382,-32.300550558073894,6.481766092811327,14.2915376,Internal Communication Fault; Internal Conversion Fault; Weak Cell Fault; Low Cell Voltage Fault; Open Wiring Fault; Current Sensor Fault; Pack Voltage Sensor Fault,5.300000000000001,0.6000000000000001,0.6000000000000001,6.300000000000001,0.00030000000000000003,0.00030000000000000003,83,5,52,40,93,21,18.5,49,SFfjMDUAAAAAAAAAAAA5QAAAAAAAAE5AKgBTAAAAuEFJAAAANQAGAAAAPwADAFEAUwVcUF0VJTE=
96,41,40,61,17,0.054785156249999994,592352.9411764706,-45.22000637025121,6.24748539066152,41.631870400000004,Internal Communication Fault; Internal Conversion Fault; Weak Cell Fault; Low Cell Voltage Fault; Open Wiring Fault,8.0,5.6000000000000005,5.6000000000000005,6.1000000000000005,0.0057,0.0057,58,6,-15,7,45,44,20.0,79,SFepiCkAAAAAAAAAAABEQAAAAAAAgE5AEQBQAAAAhkIWAAAAUAA4AAAAPQA5ABEAOgYZLy0sKE8=
40,3,64,86,47,0.15146484375,207872.3404255319,-30.56129925793647,1.796152049815187,46.60284,Internal Communication Fault; Internal Conversion Fault; Weak Cell Fault; Low Cell Voltage Fault; Open Wiring Fault; Current Sensor Fault; Pack Voltage Sensor Fault,8.200000000000001,0.8,0.8,7.800000000000001,0.0033,0.0033,24,31,39,56,82,44,14.5,64,SFfq0QMAAAAAAAAAAABQQAAAAAAAgFVALwAXAAAAlkJBAAAAUgAIAAAATgAhAC4AGB9PYFIsHUA=
10,35,67,90,95,0.30615234375,97789.47368421052,-18.780589809243338,2.2647134541148013,11.8060528,Internal Communication Fault; Internal Conversion Fault; Weak Cell Fault; Low Cell Voltage Fault; Open Wiring Fault; Current Sensor Fault,8.8,7.2,7.2,0.8,0.008,0.008,38,82,15,-8,45,40,46.5,56,SFebYyMAAAAAAAAAAMBQQAAAAAAAgFZAXwAdAAAAmEEpAAAAWABIAAAACABQAGQAJlI3IC0oXTg=
9,89,98,78,55,0.17724609375,176181.81818181818,-28.07167446824093,1.56187134766538,61.515748800000004,Internal Communication Fault; Internal Conversion Fault; Weak Cell Fault; Low Cell Voltage Fault; Open Wiring Fault; Current Sensor Fault,5.1000000000000005,5.800000000000001,5.800000000000001,7.9,0.0054,0.0054,62,67,-35,-28,92,4,14.5,18,SFeuG1kAAAAAAAAAAIBYQAAAAAAAgFNANwAUAAAAxkIiAAAAMwA6AAAATwA2ADEAPkMFDFwEHRI=
54,29,29,52,69,0.22236328125,138405.79710144928,-24.34630098277657,7.184608199260748,27.961704,Internal Communication Fault; Internal Conversion Fault; Weak Cell Fault; Low Cell Voltage Fault; Open Wiring Fault; Current Sensor Fault; Pack Voltage Sensor Fault,8.4,6.300000000000001,6.300000000000001,9.5,0.0061,0.0061,99,88,44,-6,30,76,13.5,57,SFcgTR0AAAAAAAAAAAA9QAAAAAAAAEpARQBcAAAANEJfAAAAVAA/AAAAXwA9AAMAY1hUIh5MGzk=
53,55,4,2,100,0.322265625,92400.0,-17.84856557528036,1.718058482431918,27.961704,Internal Communication Fault; Internal Conversion Fault; Weak Cell Fault; Low Cell Voltage Fault; Open Wiring Fault,8.3,5.7,5.7,6.5,0.0035,0.0035,36,32,27,51,17,35,41.0,61,SFcGJzcAAAAAAAAAAAAQQAAAAAAAAABAZAAWAAAANEITAAAAUwA5AAAAQQAjAFgAJCBDWxEjUj0=
6,81,66,41,48,0.15468749999999998,203333.33333333334,-30.231930279653483,7.340795334027286,39.1463856,Internal Communication Fault; Internal Conversion Fault; Weak Cell Fault; Low Cell Voltage Fault; Open Wiring Fault; Current Sensor Fault,8.200000000000001,7.4,7.4,9.600000000000001,0.00030000000000000003,0.00030000000000000003,66,33,4,44,67,3,42.5,83,SFdHZ1EAAAAAAAAAAIBQQAAAAAAAgERAMABeAAAAfEI5AAAAUgBKAAAAYAADACoAQiEsVEMDVVM=
9,83,85,52,14,0.045117187499999996,721428.5714285715,-47.783592412129224,1.093309943365766,6.213712,Internal Communication Fault; Internal Conversion Fault; Weak Cell Fault; Low Cell Voltage Fault; Open Wiring Fault; Current Sensor Fault; Pack Voltage Sensor Fault,7.2,0.30000000000000004,0.30000000000000004,9.5,0.001,0.001,87,100,-33,34,55,44,36.0,38,SFcfJVMAAAAAAAAAAEBVQAAAAAAAAEpADgAOAAAAIEFUAAAASAADAAAAXwAKABYAV2QHSjcsSCY=
25,33,30,28,91,0.29326171875,102527.47252747252,-19.55326985892927,3.045649127947491,6.8350832,Internal Communication Fault; Internal Conversion Fault; Weak Cell Fault; Low Cell Voltage Fault,9.5,7.7,7.7,9.600000000000001,0.0083,0.0083,47,57,20,50,61,16,11.0,61,SFdwDyEAAAAAAAAAAAA+QAAAAAAAADxAWwAnAAAAMEEKAAAAXwBNAAAAYABTAAwALzk8Wj0QFj0=
52,98,15,8,57,0.18369140625,169649.12280701756,-27.49578086221021,7.8093567383269,6.213712,Internal Communication Fault; Internal Conversion Fault; Weak Cell Fault; Low Cell Voltage Fault; Open Wiring Fault; Current Sensor Fault,5.6000000000000005,2.5,2.5,2.1,0.006900000000000001,0.006900000000000001,61,69,20,60,95,72,19.0,23,SFcNP2IAAAAAAAAAAAAuQAAAAAAAACBAOQBkAAAAIEE0AAAAOAAZAAAAFQBFACEAPUU8ZF9IJhc=
85,82,23,21,93,0.29970703125,100107.52688172043,-19.16377788979517,7.418888901410555,16.7770224,Internal Communication Fault; Internal Conversion Fault; Weak Cell Fault; Low Cell Voltage Fault; Open Wiring Fault; Current Sensor Fault,2.4000000000000004,4.1000000000000005,4.1000000000000005,4.7,0.0029000000000000002,0.0029000000000000002,68,30,-22,-6,72,24,33.0,68,SFfVIVIAAAAAAAAAAAA3QAAAAAAAADVAXQBfAAAA2EEtAAAAGAApAAAALwAdAC0ARB4SIkgYQkQ=
84,100,72,81,81,0.26103515625,116419.75308641975,-21.605421480245298,6.403672525428059,61.515748800000004,Internal Communication Fault; Internal Conversion Fault; Weak Cell Fault; Low Cell Voltage Fault; Open Wiring Fault; Current Sensor Fault; Pack Voltage Sensor Fault,0.5,6.5,6.5,6.800000000000001,0.0068000000000000005,0.0068000000000000005,44,78,-16,24,47,72,0.5,5,SFeAQWQAAAAAAAAAAABSQAAAAAAAQFRAUQBSAAAAxkJYAAAABQBBAAAARABEACEALE4YQC9IAQU=
4,22,7,67,71,0.22880859374999998,134225.35211267605,-23.864722090497168,0.078093567383269,50.9524384,Internal Communication Fault; Internal Conversion Fault; Weak Cell Fault; Low Cell Voltage Fault; Open Wiring Fault; Current Sensor Fault,3.2,3.1,3.1,0.1,0.0032,0.0032,75,29,14,-20,71,87,18.5,1,SFf+3RYAAAAAAAAAAAAcQAAAAAAAwFBARwABAAAApEIjAAAAIAAfAAAAAQAgAGQASx02FEdXJQE=
96,67,10,69,32,0.103125,310000.0,-36.372837448945404,1.718058482431918,55.3020368,Internal Communication Fault; Internal Conversion Fault; Weak Cell Fault; Low Cell Voltage Fault; Open Wiring Fault,9.700000000000001,7.9,7.9,9.4,0.006500000000000001,0.006500000000000001,67,28,-2,20,4,7,0.5,10,SFfEL0MAAAAAAAAAAAAkQAAAAAAAQFFAIAAWAAAAskIVAAAAYQBPAAAAXgBBADIAQxwmPAQHAQo=
73,4,78,46,96,0.30937499999999996,96666.66666666667,-18.59127959557162,5.544643284212099,55.3020368,Internal Communication Fault; Internal Conversion Fault,10.0,8.200000000000001,8.200000000000001,6.7,0.0061,0.0061,43,3,-17,-9,69,72,18.0,35,SFestQQAAAAAAAAAAIBTQAAAAAAAAEdAYABHAAAAskICAAAAZABSAAAAQwA9AD4AKwMXH0VIJCM=
10,90,5,55,55,0.17724609375,176181.81818181818,-28.07167446824093,7.2627017666440175,36.6609008,Internal Communication Fault; Internal Conversion Fault; Weak Cell Fault; Low Cell Voltage Fault; Open Wiring Fault; Current Sensor Fault,2.9000000000000004,0.1,0.1,3.4000000000000004,0.0046,0.0046,2,88,50,1,94,83,10.0,42,SFdnyloAAAAAAAAAAAAUQAAAAAAAgEtANwBdAAAAbEI7AAAAHQABAAAAIgAuAF0AAlhaKV5TFCo=
22,39,10,61,68,0.21914062499999998,140588.23529411765,-24.591249428449345,0.156187134766538,9.9419392,Internal Communication Fault; Internal Conversion Fault; Weak Cell Fault; Low Cell Voltage Fault; Open Wiring Fault; Current Sensor Fault; Pack Voltage Sensor Fault,7.300000000000001,9.200000000000001,9.200000000000001,6.6000000000000005,0.0008,0.0008,20,100,-20,-34,97,79,5.5,5,SFey6ScAAAAAAAAAAAAkQAAAAAAAgE5ARAACAAAAgEFfAAAASQBcAAAAQgAIAFMAFGQUBmFPCwU=
44,36,3,22,50,0.1611328125,194800.0,-29.589751697708664,4.138959071313257,15.53428,Internal Communication Fault; Internal Conversion Fault; Weak Cell Fault; Low Cell Voltage Fault; Open Wiring Fault; Current Sensor Fault,6.0,6.6000000000000005,6.6000000000000005,1.9000000000000001,0.0007,0.0007,82,81,50,-24,74,20,12.0,8,SFfBHCQAAAAAAAAAAAAIQAAAAAAAADZAMgA1AAAAyEEqAAAAPABCAAAAEwAHAA4AUlFaEEoUGAg=
79,48,65,77,27,0.08701171875,369259.25925925927,-38.82985604580361,2.34280702149807,24.233476800000002,Internal Communication Fault; Internal Conversion Fault; Weak Cell Fault; Low Cell Voltage Fault; Open Wiring Fault; Current Sensor Fault; Pack Voltage Sensor Fault,9.5,0.7000000000000001,0.7000000000000001,7.5,0.0085,0.0085,9,11,10,34,97,30,20.5,70,SFdsWzAAAAAAAAAAAEBQQAAAAAAAQFNAGwAeAAAAHEJSAAAAXwAHAAAASwBVACEACQsySmEeKUY=
90,66,45,69,23,0.07412109374999999,435217.39130434784,-41.092256481067125,4.529426908229603,35.4181584,Internal Communication Fault; Internal Conversion Fault; Weak Cell Fault; Low Cell Voltage Fault; Open Wiring Fault; Current Sensor Fault,4.3,2.6,2.6,5.6000000000000005,0.0036000000000000003,0.0036000000000000003,22,98,-36,9,62,22,32.0,67,SFcohEIAAAAAAAAAAIBGQAAAAAAAQFFAFwA6AAAAZEI4AAAAKwAaAAAAOAAkAE0AFmIEMT4WQEM=
83,27,61,11,87,0.28037109374999997,107701.14942528735,-20.352266371270986,3.748491234396912,45.9814688,Internal Communication Fault; Internal Conversion Fault; Weak Cell Fault; Low Cell Voltage Fault; Open Wiring Fault; Current Sensor Fault; Pack Voltage Sensor Fault,4.0,5.1000000000000005,5.1000000000000005,10.0,0.007,0.007,2,100,34,-31,67,85,22.0,29,SFfq5xsAAAAAAAAAAIBOQAAAAAAAACZAVwAwAAAAlEJfAAAAKAAzAAAAZABGACsAAmRKCUNVLB0=
44,76,7,19,94,0.3029296875,98936.17021276595,-18.971412135769953,7.653169603560363,3.7282272,Internal Communication Fault; Internal Conversion Fault; Weak Cell Fault; Low Cell Voltage Fault; Open Wiring Fault; Current Sensor Fault; Pack Voltage Sensor Fault,8.9,9.1,9.1,6.0,0.0018000000000000002,0.0018000000000000002,98,11,21,57,42,95,29.0,80,SFeHJUwAAAAAAAAAAAAcQAAAAAAAADNAXgBiAAAAwEBHAAAAWQBbAAAAPAASADwAYgs9YSpfOlA=
25,83,50,4,30,0.0966796875,331333.3333333333,-37.313683485583454,1.483777780282111,18.641136,Internal Communication Fault; Internal Conversion Fault; Weak Cell Fault; Low Cell Voltage Fault; Open Wiring Fault; Current Sensor Fault; Pack Voltage Sensor Fault,8.5,9.600000000000001,9.600000000000001,5.9,0.0032,0.0032,13,9,35,40,45,11,19.0,89,SFeISlMAAAAAAAAAAABJQAAAAAAAABBAHgATAAAA8EFOAAAAVQBgAAAAOwAgAFIADQlLUC0LJlk=
88,71,64,41,80,0.2578125,118000.0,-21.82120954884232,3.279929830097298,7.4564544,Internal Communication Fault; Internal Conversion Fault; Weak Cell Fault; Low Cell Voltage Fault; Open Wiring Fault; Current Sensor Fault,9.8,9.5,9.5,4.1000000000000005,0.0025,0.0025,31,54,25,30,79,89,27.0,30,SFdg9kcAAAAAAAAAAABQQAAAAAAAgERAUAAqAAAAQEE+AAAAYgBfAAAAKQAZAB0AHzZBRk9ZNh4=
70,87,50,57,46,0.14824218749999998,212608.69565217392,-30.896488268980022,4.841801177762678,39.1463856,Internal Communication Fault; Internal Conversion Fault,0.6000000000000001,7.800000000000001,7.800000000000001,1.7000000000000002,0.0049,0.0049,23,16,15,1,59,58,11.5,30,SFdi31cAAAAAAAAAAABJQAAAAAAAgExALgA+AAAAfEIDAAAABgBOAAAAEQAxADsAFxA3KTs6Fx4=
55,5,76,45,1,0.00322265625,10230000.0,-77.40058392474276,2.34280702149807,48.466953600000004,Internal Communication Fault; Internal Conversion Fault; Weak Cell Fault; Low Cell Voltage Fault; Open Wiring Fault; Current Sensor Fault; Pack Voltage Sensor Fault,4.4,7.300000000000001,7.300000000000001,7.6000000000000005,0.0085,0.0085,53,72,3,14,15,51,16.5,79,SFefwAUAAAAAAAAAAABTQAAAAAAAgEZAAQAeAAAAnEJXAAAALABJAAAATABVABcANUgrNg8zIU8=
68,29,15,88,61,0.19658203124999998,157868.8524590164,-26.391353867104925,5.310362582062292,61.515748800000004,Internal Communication Fault; Internal Conversion Fault; Weak Cell Fault; Low Cell Voltage Fault; Open Wiring Fault; Current Sensor Fault,8.0,6.6000000000000005,6.6000000000000005,9.5,0.0019,0.0019,20,21,21,-24,12,46,8.5,76,SFfiJR0AAAAAAAAAAAAuQAAAAAAAAFZAPQBEAAAAxkIzAAAAUABCAAAAXwATAGEAFBU9EAwuEUw=
32,76,77,17,16,0.0515625,630000.0,-46.02755047025889,1.171403510749035,21.747992,Internal Communication Fault; Internal Conversion Fault; Weak Cell Fault; Low Cell Voltage Fault; Open Wiring Fault,6.1000000000000005,3.4000000000000004,3.4000000000000004,9.700000000000001,0.00030000000000000003,0.00030000000000000003,15,90,-37,24,99,80,39.0,22,SFczXkwAAAAAAAAAAEBTQAAAAAAAADFAEAAPAAAADEIbAAAAPQAiAAAAYQADAEkAD1oDQGNQThY=
96,70,48,49,49,0.15791015625,198979.5918367347,-29.908152811637905,4.529426908229603,50.9524384,Internal Communication Fault; Internal Conversion Fault; Weak Cell Fault; Low Cell Voltage Fault; Open Wiring Fault; Current Sensor Fault,3.0,8.3,8.3,2.9000000000000004,0.008400000000000001,0.008400000000000001,95,2,-9,34,60,76,39.0,80,SFeIlkYAAAAAAAAAAABIQAAAAAAAgEhAMQA6AAAApEIzAAAAHgBTAAAAHQBUAGQAXwIfSjxMTlA=
4,6,74,44,99,0.31904296875,93434.34343434343,-18.03212230752962,1.874245617198456,42.2532416,Internal Communication Fault; Internal Conversion Fault; Weak Cell Fault; Low Cell Voltage Fault; Open Wiring Fault; Current Sensor Fault,5.2,2.4000000000000004,2.4000000000000004,9.600000000000001,0.0039000000000000003,0.0039000000000000003,98,71,-33,-1,99,92,35.0,39,SFfm2QYAAAAAAAAAAIBSQAAAAAAAAEZAYwAYAAAAiEIgAAAANAAYAAAAYAAnAAwAYkcHJ2NcRic=
40,61,77,82,50,0.1611328125,194800.0,-29.589751697708664,7.028421064494211,53.4379232,Internal Communication Fault; Internal Conversion Fault; Weak Cell Fault; Low Cell Voltage Fault; Open Wiring Fault; Current Sensor Fault; Pack Voltage Sensor Fault,0.1,3.8000000000000003,3.8000000000000003,9.3,0.0034000000000000002,0.0034000000000000002,49,26,-11,-22,8,13,6.0,2,SFfshT0AAAAAAAAAAEBTQAAAAAAAgFRAMgBaAAAArEJUAAAAAQAmAAAAXQAiADYAMRodEggNDAI=
42,7,19,96,3,0.009667968749999999,3403333.3333333335,-66.10838843213418,1.249497078132304,50.3310672,Internal Communication Fault; Internal Conversion Fault; Weak Cell Fault; Low Cell Voltage Fault; Open Wiring Fault; Current Sensor Fault,0.4,5.6000000000000005,5.6000000000000005,3.6,0.00030000000000000003,0.00030000000000000003,93,88,27,1,89,58,19.0,62,SFeXNwcAAAAAAAAAAAAzQAAAAAAAAFhAAwAQAAAAokIlAAAABAA4AAAAJAADABUAXVhDKVk6Jj4=
31,52,68,8,34,0.10957031249999999,291176.4705882353,-35.480380137118686,4.217052638696526,61.515748800000004,Internal Communication Fault; Internal Conversion Fault; Weak Cell Fault; Low Cell Voltage Fault; Open Wiring Fault; Current Sensor Fault; Pack Voltage Sensor Fault,0.1,2.2,2.2,1.1,0.0011,0.0011,61,48,46,-12,67,71,24.0,93,SFeedDQAAAAAAAAAAABRQAAAAAAAACBAIgA2AAAAxkJcAAAAAQAWAAAACwALAFoAPTBWHENHMF0=
35,37,9,56,91,0.29326171875,102527.47252747252,-19.55326985892927,5.935111121128444,18.0197648,Internal Communication Fault; Internal Conversion Fault; Weak Cell Fault; Low Cell Voltage Fault,3.3000000000000003,8.200000000000001,8.200000000000001,1.7000000000000002,0.0004,0.0004,9,100,58,-39,34,76,12.0,64,SFeVKCUAAAAAAAAAAAAiQAAAAAAAAExAWwBMAAAA6EEPAAAAIQBSAAAAEQAEABkACWRiASJMGEA=
18,96,51,47,1,0.00322265625,10230000.0,-77.40058392474276,3.358023397480567,18.641136,Internal Communication Fault; Internal Conversion Fault; Weak Cell Fault; Low Cell Voltage Fault; Open Wiring Fault; Current Sensor Fault; Pack Voltage Sensor Fault,7.6000000000000005,4.800000000000001,4.800000000000001,0.5,0.005,0.005,47,61,54,-4,1,53,14.5,11,SFeaZmAAAAAAAAAAAIBJQAAAAAAAgEdAAQArAAAA8EFFAAAATAAwAAAABQAyAE0ALz1eJAE1HQs=
82,97,71,14,63,0.20302734374999998,152539.68253968254,-25.860861782418283,2.186619886731532,50.9524384,Internal Communication Fault; Internal Conversion Fault; Weak Cell Fault; Low Cell Voltage Fault; Open Wiring Fault; Current Sensor Fault; Pack Voltage Sensor Fault,3.0,1.1,1.1,2.6,0.008400000000000001,0.008400000000000001,72,11,12,-32,32,36,38.5,58,SFeKn2EAAAAAAAAAAMBRQAAAAAAAACxAPwAcAAAApEJYAAAAHgALAAAAGgBUAAMASAs0CCAkTTo=
47,61,97,14,65,0.20947265625,147538.46153846153,-25.34369312908862,1.952339184581725,34.175416,Internal Communication Fault; Internal Conversion Fault; Weak Cell Fault; Low Cell Voltage Fault; Open Wiring Fault; Current Sensor Fault,6.0,1.0,1.0,8.0,0.0029000000000000002,0.0029000000000000002,38,22,7,41,81,36,17.5,27,SFdUej0AAAAAAAAAAEBYQAAAAAAAACxAQQAZAAAAXEIqAAAAPAAKAAAAUAAdADMAJhYvUVEkIxs=
67,97,37,70,77,0.24814453125,122987.01298701297,-22.481422295686343,7.340795334027286,35.4181584,Internal Communication Fault; Internal Conversion Fault; Weak Cell Fault; Low Cell Voltage Fault; Open Wiring Fault,2.7,4.800000000000001,4.800000000000001,8.5,0.009300000000000001,0.009300000000000001,83,78,53,-9,98,3,50.0,2,SFcBEmEAAAAAAAAAAIBCQAAAAAAAgFFATQBeAAAAZEITAAAAGwAwAAAAVQBdADwAU05dH2IDZAI=
38,21,76,30,46,0.14824218749999998,212608.69565217392,-30.896488268980022,0.234280702149807,3.106856,Internal Communication Fault; Internal Conversion Fault; Weak Cell Fault; Low Cell Voltage Fault; Open Wiring Fault,0.2,8.9,8.9,8.5,0.0089,0.0089,31,70,-30,-25,97,79,47.0,6,SFeQQBUAAAAAAAAAAABTQAAAAAAAAD5ALgADAAAAoEAaAAAAAgBZAAAAVQBZAAIAH0YKD2FPXgY=
68,82,4,79,74,0.2384765625,128378.37837837837,-23.1620533488788,2.811368425797684,13.0487952,Internal Communication Fault; Internal Conversion Fault; Weak Cell Fault; Low Cell Voltage Fault; Open Wiring Fault; Current Sensor Fault; Pack Voltage Sensor Fault,0.7000000000000001,5.2,5.2,7.1000000000000005,0.0098,0.0098,19,98,-39,27,94,28,34.0,19,SFear1IAAAAAAAAAAAAQQAAAAAAAwFNASgAkAAAAqEFjAAAABwA0AAAARwBiADAAE2IBQ14cRBM=
63,41,81,78,95,0.30615234375,97789.47368421052,-18.780589809243338,1.639964915048649,18.0197648,Internal Communication Fault; Internal Conversion Fault; Weak Cell Fault; Low Cell Voltage Fault,2.5,8.5,8.5,7.300000000000001,0.0064,0.0064,69,89,38,59,24,58,6.5,21,SFfTlCkAAAAAAAAAAEBUQAAAAAAAgFNAXwAVAAAA6EELAAAAGQBVAAAASQBAAA8ARVlOYxg6DRU=
66,22,66,10,33,0.10634765624999999,300303.0303030303,-35.92091104555422,4.68561404299614,33.5540448,Internal Communication Fault; Internal Conversion Fault; Weak Cell Fault,0.8,0.5,0.5,1.7000000000000002,0.0097,0.0097,95,62,-7,17,26,65,17.5,23,SFcZkxYAAAAAAAAAAIBQQAAAAAAAACRAIQA8AAAAWEIGAAAACAAFAAAAEQBhAAIAXz4hORpBIxc=
1,36,7,91,67,0.21591796875,142835.8208955224,-24.83907517369434,4.763707610379409,13.0487952,Internal Communication Fault; Internal Conversion Fault; Weak Cell Fault; Low Cell Voltage Fault; Open Wiring Fault; Current Sensor Fault; Pack Voltage Sensor Fault,3.9000000000000004,7.6000000000000005,7.6000000000000005,7.2,0.0041,0.0041,35,79,35,16,74,93,24.5,53,SFeuniQAAAAAAAAAAAAcQAAAAAAAwFZAQwA9AAAAqEFAAAAAJwBMAAAASAApAE8AI09LOEpdMTU=
37,85,31,34,71,0.22880859374999998,134225.35211267605,-23.864722090497168,6.481766092811327,52.1951808,Internal Communication Fault,2.5,2.2,2.2,6.1000000000000005,0.0033,0.0033,30,50,-35,-14,51,1,16.0,86,SFe5PVUAAAAAAAAAAAA/QAAAAAAAAEFARwBTAAAAqEIBAAAAGQAWAAAAPQAhADQAHjIFGjMBIFY=
36,39,65,62,95,0.30615234375,97789.47368421052,-18.780589809243338,5.388456149445561,37.9036432,Internal Communication Fault; Internal Conversion Fault; Weak Cell Fault; Low Cell Voltage Fault; Open Wiring Fault; Current Sensor Fault,8.6,6.9,6.9,8.8,0.0097,0.0097,73,16,-12,55,74,78,3.5,35,SFd3ICcAAAAAAAAAAEBQQAAAAAAAAE9AXwBFAAAAdEI6AAAAVgBFAAAAWABhACkASRAcX0pOByM=
24,38,94,72,40,0.12890625,246000.0,-33.0446409406793,6.325578958044789,22.9907344,Internal Communication Fault; Internal Conversion Fault; Weak Cell Fault; Low Cell Voltage Fault; Open Wiring Fault; Current Sensor Fault,6.4,5.9,5.9,2.1,0.0029000000000000002,0.0029000000000000002,76,96,27,-30,82,22,28.0,13,SFctsyYAAAAAAAAAAIBXQAAAAAAAAFJAKABRAAAAFEIiAAAAQAA7AAAAFQAdAFcATGBDClIWOA0=
23,48,7,51,17,0.054785156249999994,592352.9411764706,-45.22000637025121,4.373239773463064,24.854848,Internal Communication Fault; Internal Conversion Fault; Weak Cell Fault; Low Cell Voltage Fault; Open Wiring Fault; Current Sensor Fault; Pack Voltage Sensor Fault,3.4000000000000004,7.300000000000001,7.300000000000001,2.3000000000000003,0.0013000000000000002,0.0013000000000000002,32,85,-22,39,12,68,13.5,61,SFc4oTAAAAAAAAAAAAAcQAAAAAAAgElAEQA4AAAAIEJIAAAAIgBJAAAAFwANAEgAIFUSTwxEGz0=
21,38,19,44,25,0.08056640625,399600.0,-39.922371126657765,6.637953227577865,42.2532416,Internal Communication Fault; Internal Conversion Fault; Weak Cell Fault; Low Cell Voltage Fault; Open Wiring Fault; Current Sensor Fault,1.1,9.4,9.4,4.800000000000001,0.0046,0.0046,69,40,18,38,52,94,36.0,69,SFe2PyYAAAAAAAAAAAAzQAAAAAAAAEZAGQBVAAAAiEI5AAAACwBeAAAAMAAuAFAARSg6TjReSEU=
50,8,67,96,58,0.18691406249999998,166551.72413793104,-27.21394911387162,2.030432751964994,24.854848,Internal Communication Fault; Internal Conversion Fault; Weak Cell Fault; Low Cell Voltage Fault; Open Wiring Fault,4.0,10.0,10.0,3.5,0.0071,0.0071,27,86,2,-1,53,99,6.5,19,SFcEgwgAAAAAAAAAAMBQQAAAAAAAAFhAOgAaAAAAIEIVAAAAKABkAAAAIwBHADAAG1YqJzVjDRM=
23,6,4,34,42,0.1353515625,233809.52380952382,-32.300550558073894,1.952339184581725,42.2532416,Internal Communication Fault; Internal Conversion Fault; Weak Cell Fault; Low Cell Voltage Fault; Open Wiring Fault,2.2,7.9,7.9,2.6,0.0033,0.0033,76,13,36,-15,96,57,10.0,5,SFenagYAAAAAAAAAAAAQQAAAAAAAAEFAKgAZAAAAiEIVAAAAFgBPAAAAGgAhAEgATA1MGWA5FAU=
72,57,90,2,35,0.11279296875,282571.4285714286,-35.050616867496245,3.045649127947491,37.282272,Internal Communication Fault; Internal Conversion Fault; Weak Cell Fault; Low Cell Voltage Fault; Open Wiring Fault; Current Sensor Fault; Pack Voltage Sensor Fault,2.2,1.6,1.6,0.5,0.008400000000000001,0.008400000000000001,18,82,-38,-33,91,87,6.0,100,SFcapDkAAAAAAAAAAIBWQAAAAAAAAABAIwAnAAAAcEJfAAAAFgAQAAAABQBUAE4AElICB1tXDGQ=
58,95,88,57,67,0.21591796875,142835.8208955224,-24.83907517369434,2.811368425797684,47.8455824,Internal Communication Fault; Internal Conversion Fault; Weak Cell Fault; Low Cell Voltage Fault; Open Wiring Fault; Current Sensor Fault,7.0,9.4,9.4,6.5,0.0056,0.0056,55,92,-23,-33,22,45,2.0,46,SFfaml8AAAAAAAAAAABWQAAAAAAAgExAQwAkAAAAmkI/AAAARgBeAAAAQQA4AAgAN1wRBxYtBC4=
86,39,55,66,99,0.31904296875,93434.34343434343,-18.03212230752962,6.325578958044789,47.8455824,Internal Communication Fault; Internal Conversion Fault; Weak Cell Fault; Low Cell Voltage Fault; Open Wiring Fault; Current Sensor Fault; Pack Voltage Sensor Fault,9.5,0.30000000000000004,0.30000000000000004,3.1,0.006900000000000001,0.006900000000000001,28,56,58,-23,47,15,39.5,91,SFfEPycAAAAAAAAAAIBLQAAAAAAAgFBAYwBRAAAAmkJSAAAAXwADAAAAHwBFABoAHDhiES8PT1s=
2,7,32,67,43,0.13857421875,228139.53488372092,-31.939486111199074,5.076081879912485,52.1951808,Internal Communication Fault; Internal Conversion Fault; Weak Cell Fault; Low Cell Voltage Fault,2.4000000000000004,9.200000000000001,9.200000000000001,7.2,0.0024000000000000002,0.0024000000000000002,14,4,40,0,2,21,43.0,21,SFeXrgcAAAAAAAAAAABAQAAAAAAAwFBAKwBBAAAAqEIPAAAAGABcAAAASAAYAFMADgRQKAIVVhU=
59,94,59,20,38,0.12246093749999999,259473.6842105263,-33.820391126533536,2.186619886731532,32.9326736,Internal Communication Fault; Internal Conversion Fault; Weak Cell Fault; Low Cell Voltage Fault; Open Wiring Fault; Current Sensor Fault; Pack Voltage Sensor Fault,6.0,9.8,9.8,4.2,0.0073,0.0073,72,26,29,18,85,61,22.0,44,SFcF814AAAAAAAAAAIBNQAAAAAAAADRAJgAcAAAAVEJWAAAAPABiAAAAKgBJAFMASBpFOlU9LCw=
11,22,93,83,39,0.12568359375,252564.10256410256,-33.428367120134,2.34280702149807,39.7677568,Internal Communication Fault; Internal Conversion Fault; Weak Cell Fault; Low Cell Voltage Fault; Open Wiring Fault; Current Sensor Fault; Pack Voltage Sensor Fault,4.6000000000000005,9.8,9.8,4.800000000000001,0.01,0.01,65,42,22,7,61,54,49.0,14,SFfR/xYAAAAAAAAAAEBXQAAAAAAAwFRAJwAeAAAAgEJQAAAALgBiAAAAMABkABUAQSo+Lz02Yg4=
26,98,99,51,96,0.30937499999999996,96666.66666666667,-18.59127959557162,1.483777780282111,31.06856,Internal Communication Fault; Internal Conversion Fault; Weak Cell Fault; Low Cell Voltage Fault; Open Wiring Fault; Current Sensor Fault; Pack Voltage Sensor Fault,9.4,0.6000000000000001,0.6000000000000001,1.7000000000000002,0.0013000000000000002,0.0013000000000000002,54,24,-14,25,54,79,8.5,43,SFdYP2IAAAAAAAAAAMBYQAAAAAAAgElAYAATAAAASEJgAAAAXgAGAAAAEQANAD8ANhgaQTZPESs=
37,14,33,51,78,0.2513671875,121282.05128205128,-22.259157428800165,4.217052638696526,39.7677568,Internal Communication Fault; Internal Conversion Fault; Weak Cell Fault; Low Cell Voltage Fault; Open Wiring Fault; Current Sensor Fault,5.5,4.0,4.0,7.300000000000001,0.0006000000000000001,0.0006000000000000001,48,47,-21,47,12,53,20.0,95,SFevUA4AAAAAAAAAAIBAQAAAAAAAgElATgA2AAAAgEIwAAAANwAoAAAASQAGADcAMC8TVww1KF8=
70,54,78,8,64,0.20625,150000.0,-25.600661958414605,6.950327497110941,17.3983936,Internal Communication Fault; Internal Conversion Fault; Weak Cell Fault; Low Cell Voltage Fault; Open Wiring Fault; Current Sensor Fault; Pack Voltage Sensor Fault,0.8,9.1,9.1,8.5,0.008400000000000001,0.008400000000000001,100,42,31,-31,11,3,21.0,29,SFey/DYAAAAAAAAAAIBTQAAAAAAAACBAQABZAAAA4EFfAAAACABbAAAAVQBUAAEAZCpHCQsDKh0=
14,12,7,12,57,0.18369140625,169649.12280701756,-27.49578086221021,0.312374269533076,41.0104992,Internal Communication Fault; Internal Conversion Fault; Weak Cell Fault; Low Cell Voltage Fault; Open Wiring Fault; Current Sensor Fault,6.2,6.6000000000000005,6.6000000000000005,6.2,0.001,0.001,9,59,56,-15,55,76,16.0,95,SFeacwwAAAAAAAAAAAAcQAAAAAAAAChAOQAEAAAAhEI/AAAAPgBCAAAAPgAKABIACTtgGTdMIF8=
76,82,14,51,45,0.14501953125,217555.55555555556,-31.237740344299652,3.358023397480567,30.4471888,Internal Communication Fault; Internal Conversion Fault; Weak Cell Fault; Low Cell Voltage Fault; Open Wiring Fault; Current Sensor Fault; Pack Voltage Sensor Fault,9.4,5.9,5.9,3.8000000000000003,0.0076,0.0076,25,48,60,20,100,81,7.5,11,SFdVlFIAAAAAAAAAAAAsQAAAAAAAgElALQArAAAAREJYAAAAXgA7AAAAJgBMAGEAGTBkPGRRDws=
8,52,16,99,64,0.20625,150000.0,-25.600661958414605,3.90467836916345,60.2730064,Internal Communication Fault; Internal Conversion Fault; Weak Cell Fault; Low Cell Voltage Fault; Open Wiring Fault,2.7,5.800000000000001,5.800000000000001,9.3,0.0024000000000000002,0.0024000000000000002,28,26,-22,-16,80,41,7.5,40,SFffgTQAAAAAAAAAAAAwQAAAAAAAwFhAQAAyAAAAwkIaAAAAGwA6AAAAXQAYABwAHBoSGFApDyg=
9,64,15,55,69,0.22236328125,138405.79710144928,-24.34630098277657,1.249497078132304,60.8943776,Internal Communication Fault; Internal Conversion Fault; Weak Cell Fault,6.300000000000001,3.1,3.1,4.3,0.0048000000000000004,0.0048000000000000004,68,51,-37,21,45,59,14.5,56,SFfDz0AAAAAAAAAAAAAuQAAAAAAAgEtARQAQAAAAxEIEAAAAPwAfAAAAKwAwAD8ARDMDPS07HTg=
73,97,37,3,39,0.12568359375,252564.10256410256,-33.428367120134,6.24748539066152,48.466953600000004,Internal Communication Fault; Internal Conversion Fault; Weak Cell Fault; Low Cell Voltage Fault; Open Wiring Fault; Current Sensor Fault,8.3,7.9,7.9,9.600000000000001,0.0025,0.0025,6,92,25,-3,27,28,29.0,68,SFf542EAAAAAAAAAAIBCQAAAAAAAAAhAJwBQAAAAnEIsAAAAUwBPAAAAYAAZABYABlxBJRscOkQ=
74,14,96,93,39,0.12568359375,252564.10256410256,-33.428367120134,2.811368425797684,24.233476800000002,Internal Communication Fault; Internal Conversion Fault; Weak Cell Fault; Low Cell Voltage Fault; Open Wiring Fault; Current Sensor Fault,2.3000000000000003,9.0,9.0,1.1,0.0083,0.0083,65,59,46,-4,42,83,24.0,97,SFcDLw4AAAAAAAAAAABYQAAAAAAAQFdAJwAkAAAAHEIqAAAAFwBaAAAACwBTAC8AQTtWJCpTMGE=
16,36,60,64,79,0.25458984375,119620.25316455697,-22.03910434241513,0.468561404299614,21.1266208,Internal Communication Fault; Internal Conversion Fault; Weak Cell Fault; Low Cell Voltage Fault; Open Wiring Fault; Current Sensor Fault,2.5,8.9,8.9,0.6000000000000001,0.0091,0.0091,40,5,29,-12,49,35,41.0,47,SFdNVyQAAAAAAAAAAABOQAAAAAAAAFBATwAGAAAACEIkAAAAGQBZAAAABgBbAAEAKAVFHDEjUi8=
51,11,12,73,67,0.21591796875,142835.8208955224,-24.83907517369434,1.56187134766538,16.7770224,Internal Communication Fault; Internal Conversion Fault; Weak Cell Fault; Low Cell Voltage Fault; Open Wiring Fault; Current Sensor Fault,9.3,4.0,4.0,4.7,0.001,0.001,55,59,38,26,58,37,15.0,23,SFeASgsAAAAAAAAAAAAoQAAAAAAAQFJAQwAUAAAA2EEiAAAAXQAoAAAALwAKAFEANztOQjolHhc=
41,30,49,62,84,0.270703125,111904.76190476191,-20.970208854526618,7.028421064494211,24.233476800000002,Internal Communication Fault; Internal Conversion Fault; Weak Cell Fault,0.2,5.0,5.0,5.4,0.0094,0.0094,34,51,8,17,5,51,12.0,11,SFcM8B4AAAAAAAAAAIBIQAAAAAAAAE9AVABaAAAAHEIFAAAAAgAyAAAANgBeAFUAIjMwOQUzGAs=
59,86,41,78,2,0.0064453125,5110000.0,-70.42719674383767,4.841801177762678,9.320568,Internal Communication Fault; Internal Conversion Fault; Weak Cell Fault; Low Cell Voltage Fault,2.4000000000000004,3.0,3.0,5.2,0.009300000000000001,0.009300000000000001,27,80,-29,47,1,34,7.0,26,SFc1flYAAAAAAAAAAIBEQAAAAAAAgFNAAgA+AAAAcEEIAAAAGAAeAAAANABdAEAAG1ALVwEiDho=
27,6,39,70,53,0.17080078124999998,183207.54716981133,-28.66483442135379,6.169391823278251,42.8746128,Internal Communication Fault; Internal Conversion Fault; Weak Cell Fault; Low Cell Voltage Fault; Open Wiring Fault; Current Sensor Fault,9.200000000000001,1.0,1.0,4.2,0.0081,0.0081,29,33,-16,57,63,23,7.0,88,SFeJTQYAAAAAAAAAAIBDQAAAAAAAgFFANQBPAAAAikI3AAAAXAAKAAAAKgBRAEMAHSEYYT8XDlg=
95,77,60,29,20,0.064453125,502000.0,-43.02225795749888,2.733274858414415,12.427424,Internal Communication Fault; Internal Conversion Fault; Weak Cell Fault,0.5,2.3000000000000003,2.3000000000000003,0.7000000000000001,0.0077,0.0077,95,37,-33,38,76,67,3.0,77,SFfoJE0AAAAAAAAAAABOQAAAAAAAAD1AFAAjAAAAoEEHAAAABQAXAAAABwBNAAwAXyUHTkxDBk0=
1,90,34,81,48,0.15468749999999998,203333.33333333334,-30.231930279653483,4.217052638696526,2.4854848,Internal Communication Fault; Internal Conversion Fault; Weak Cell Fault; Low Cell Voltage Fault; Open Wiring Fault; Current Sensor Fault; Pack Voltage Sensor Fault,7.300000000000001,8.6,8.6,3.3000000000000003,0.004,0.004,67,11,54,-10,33,74,12.5,29,SFeyQloAAAAAAAAAAABBQAAAAAAAQFRAMAA2AAAAgEBgAAAASQBWAAAAIQAoACgAQwteHiFKGR0=
6,26,42,88,10,0.0322265625,1014000.0,-52.07745461328449,2.030432751964994,52.1951808,Internal Communication Fault; Internal Conversion Fault; Weak Cell Fault; Low Cell Voltage Fault; Open Wiring Fault; Current Sensor Fault,3.4000000000000004,5.4,5.4,7.9,0.0007,0.0007,48,30,5,-24,98,19,17.0,85,SFfDChoAAAAAAAAAAABFQAAAAAAAAFZACgAaAAAAqEI7AAAAIgA2AAAATwAHAEgAMB4tEGITIlU=
22,23,52,37,99,0.31904296875,93434.34343434343,-18.03212230752962,1.874245617198456,19.2625072,Internal Communication Fault; Internal Conversion Fault; Weak Cell Fault; Low Cell Voltage Fault; Open Wiring Fault; Current Sensor Fault; Pack Voltage Sensor Fault,0.5,5.800000000000001,5.800000000000001,4.800000000000001,0.0014,0.0014,23,81,48,48,54,92,22.0,80,SFeqxBcAAAAAAAAAAABKQAAAAAAAgEJAYwAYAAAA+EFQAAAABQA6AAAAMAAOADIAF1FYWDZcLFA=
17,58,67,1,46,0.14824218749999998,212608.69565217392,-30.896488268980022,5.46654971682883,14.2915376,Internal Communication Fault; Internal Conversion Fault; Weak Cell Fault; Low Cell Voltage Fault; Open Wiring Fault; Current Sensor Fault,5.300000000000001,0.6000000000000001,0.6000000000000001,3.2,0.005,0.005,19,23,21,-39,75,54,38.5,97,SFd4vzoAAAAAAAAAAMBQQAAAAAAAAPA/LgBGAAAAuEE1AAAANQAGAAAAIAAyAA4AExc9AUs2TWE=
87,73,70,12,38,0.12246093749999999,259473.6842105263,-33.820391126533536,5.46654971682883,35.4181584,Internal Communication Fault; Internal Conversion Fault; Weak Cell Fault; Low Cell Voltage Fault; Open Wiring Fault,7.2,7.0,7.0,8.4,0.0097,0.0097,93,19,53,-21,92,79,39.0,6,SFdXi0kAAAAAAAAAAIBRQAAAAAAAAChAJgBGAAAAZEIaAAAASABGAAAAVABhAFAAXRNdE1xPTgY=
60,63,99,47,13,0.04189453125,777692.3076923077,-48.745094832936076,1.483777780282111,30.4471888,Internal Communication Fault; Internal Conversion Fault; Weak Cell Fault,6.1000000000000005,3.9000000000000004,3.9000000000000004,9.4,0.0001,0.0001,55,91,-37,-31,48,50,35.5,20,SFcfdj8AAAAAAAAAAMBYQAAAAAAAgEdADQATAAAAREIHAAAAPQAnAAAAXgABAGQAN1sDCTAyRxQ=
88,1,38,16,92,0.29648437499999997,101304.34782608696,-19.35771936166813,6.24748539066152,30.4471888,Internal Communication Fault; Internal Conversion Fault; Weak Cell Fault; Low Cell Voltage Fault; Open Wiring Fault; Current Sensor Fault; Pack Voltage Sensor Fault,1.0,2.2,2.2,3.0,0.008,0.008,33,6,12,-10,1,21,14.5,58,SFc5dQEAAAAAAAAAAABDQAAAAAAAADBAXABQAAAAREJeAAAACgAWAAAAHgBQAAYAIQY0HgEVHTo=
32,90,45,11,95,0.30615234375,97789.47368421052,-18.780589809243338,4.841801177762678,44.1173552,Internal Communication Fault; Internal Conversion Fault; Weak Cell Fault; Low Cell Voltage Fault; Open Wiring Fault; Current Sensor Fault; Pack Voltage Sensor Fault,1.6,1.5,1.5,2.5,0.0029000000000000002,0.0029000000000000002,21,23,4,2,7,20,13.5,9,SFeW4loAAAAAAAAAAIBGQAAAAAAAACZAXwA+AAAAjkJUAAAAEAAPAAAAGQAdACkAFRcsKgcUGwk=
86,28,98,52,39,0.12568359375,252564.10256410256,-33.428367120134,5.232269014679023,37.282272,Internal Communication Fault; Internal Conversion Fault; Weak Cell Fault; Low Cell Voltage Fault; Open Wiring Fault; Current Sensor Fault,5.300000000000001,1.8,1.8,9.3,0.0018000000000000002,0.0018000000000000002,29,16,58,-36,12,73,34.5,96,SFdA/xwAAAAAAAAAAIBYQAAAAAAAAEpAJwBDAAAAcEIgAAAANQASAAAAXQASACQAHRBiBAxJRWA=
37,15,40,44,19,0.061230468749999996,528947.3684210526,-43.721179857756226,0.078093567383269,27.961704,Internal Communication Fault; Internal Conversion Fault; Weak Cell Fault; Low Cell Voltage Fault; Open Wiring Fault; Current Sensor Fault; Pack Voltage Sensor Fault,4.6000000000000005,6.800000000000001,6.800000000000001,3.0,0.01,0.01,61,87,13,36,9,53,12.0,75,SFdFJw8AAAAAAAAAAABEQAAAAAAAAEZAEwABAAAANEJZAAAALgBEAAAAHgBkAD4APVc1TAk1GEs=
70,59,82,9,70,0.2255859375,136285.7142857143,-24.104150548802465,4.763707610379409,53.4379232,Internal Communication Fault; Internal Conversion Fault; Weak Cell Fault; Low Cell Voltage Fault,7.1000000000000005,2.4000000000000004,2.4000000000000004,0.9,0.0036000000000000003,0.0036000000000000003,86,59,15,60,84,50,37.0,59,SFfIlDsAAAAAAAAAAIBUQAAAAAAAACJARgA9AAAArEILAAAARwAYAAAACQAkAFQAVjs3ZFQySjs=
70,86,81,15,15,0.04833984375,672666.6666666666,-46.88012135047842,6.091298255894982,22.369363200000002,Internal Communication Fault; Internal Conversion Fault; Weak Cell Fault; Low Cell Voltage Fault; Open Wiring Fault; Current Sensor Fault; Pack Voltage Sensor Fault,0.5,0.8,0.8,7.0,0.0011,0.0011,4,78,50,49,15,22,8.5,48,SFc0M1YAAAAAAAAAAEBUQAAAAAAAAC5ADwBOAAAAEEJiAAAABQAIAAAARgALACsABE5aWQ8WETA=
57,70,44,96,94,0.3029296875,98936.17021276595,-18.971412135769953,2.655181291031146,16.7770224,Internal Communication Fault; Internal Conversion Fault; Weak Cell Fault; Low Cell Voltage Fault; Open Wiring Fault; Current Sensor Fault; Pack Voltage Sensor Fault,1.1,6.2,6.2,9.200000000000001,0.0078000000000000005,0.0078000000000000005,93,75,26,49,46,6,33.0,96,SFftNUYAAAAAAAAAAABGQAAAAAAAAFhAXgAiAAAA2EFhAAAACwA+AAAAXABOACQAXUtCWS4GQmA=
62,3,66,75,39,0.12568359375,252564.10256410256,-33.428367120134,3.2018362627140293,48.466953600000004,Internal Communication Fault; Internal Conversion Fault; Weak Cell Fault; Low Cell Voltage Fault; Open Wiring Fault,3.1,2.6,2.6,7.0,0.0038,0.0038,85,16,-8,-21,1,37,6.5,88,SFeTfAMAAAAAAAAAAIBQQAAAAAAAwFJAJwApAAAAnEIXAAAAHwAaAAAARgAmAAsAVRAgEwElDVg=
85,56,68,69,88,0.28359375,106363.63636363637,-20.149924771473735,7.340795334027286,35.4181584,Internal Communication Fault; Internal Conversion Fault; Weak Cell Fault; Low Cell Voltage Fault; Open Wiring Fault; Current Sensor Fault,4.800000000000001,6.800000000000001,6.800000000000001,5.5,0.007,0.007,35,3,8,53,25,44,40.0,1,SFd8cTgAAAAAAAAAAABRQAAAAAAAQFFAWABeAAAAZEI3AAAAMABEAAAANwBGAE4AIwMwXRksUAE=
86,63,1,28,63,0.20302734374999998,152539.68253968254,-25.860861782418283,7.340795334027286,4.3495984,Internal Communication Fault; Internal Conversion Fault; Weak Cell Fault; Low Cell Voltage Fault; Open Wiring Fault; Current Sensor Fault,5.7,4.2,4.2,4.4,0.008700000000000001,0.008700000000000001,30,43,59,15,29,88,22.5,16,SFd8az8AAAAAAAAAAADwPwAAAAAAADxAPwBeAAAA4EAuAAAAOQAqAAAALABXAAUAHitjNx1YLRA=
39,51,35,18,44,0.141796875,222727.27272727274,-31.585314292714088,5.778923986361907,51.573809600000004,Internal Communication Fault; Internal Conversion Fault; Weak Cell Fault; Low Cell Voltage Fault; Open Wiring Fault; Current Sensor Fault; Pack Voltage Sensor Fault,9.0,1.1,1.1,9.4,0.0068000000000000005,0.0068000000000000005,38,71,7,52,3,100,49.5,85,SFfO6DMAAAAAAAAAAIBBQAAAAAAAADJALABKAAAApkJhAAAAWgALAAAAXgBEAA0AJkcvXANkY1U=
63,48,41,51,2,0.0064453125,5110000.0,-70.42719674383767,7.5750760361770935,34.175416,Internal Communication Fault; Internal Conversion Fault; Weak Cell Fault; Low Cell Voltage Fault; Open Wiring Fault; Current Sensor Fault; Pack Voltage Sensor Fault,1.7000000000000002,1.2000000000000002,1.2000000000000002,2.0,0.0004,0.0004,28,32,-31,20,31,87,18.0,48,SFcPOTAAAAAAAAAAAIBEQAAAAAAAgElAAgBhAAAAXEJNAAAAEQAMAAAAFAAEAGMAHCAJPB9XJDA=
